CS textfield,BB textfield,Stack,Head angle,Head tube length textfield,Seat stay junction0,Seat tube length,Seat angle,DT Length,FORK0R,BB diameter,ttd,dtd,csd,ssd,Chain stay position on BB,SSTopZOFFSET,MATERIAL,Head tube upper extension2,Seat tube extension2,Head tube lower extension2,SEATSTAYbrdgshift,CHAINSTAYbrdgshift,SEATSTAYbrdgdia1,CHAINSTAYbrdgdia1,SEATSTAYbrdgCheck,CHAINSTAYbrdgCheck,Dropout spacing,Wall thickness Bottom Bracket,Wall thickness Top tube,Wall thickness Head tube,Wall thickness Down tube,Wall thickness Chain stay,Wall thickness Seat stay,Wall thickness Seat tube,Wheel diameter front,RDBSD,Wheel diameter rear,FDBSD,Fork type,Stem kind,Display AEROBARS,Handlebar style,Head tube type,BB length,Head tube diameter,Wheel cut,Seat tube diameter,bottle SEATTUBE0 show,bottle DOWNTUBE0 show,Front Fender include,Rear Fender include,BELTorCHAIN,Number of cogs,Number of chainrings,Display RACK,FIRST color R_RGB,FIRST color G_RGB,FIRST color B_RGB,RIM_STYLE front,RIM_STYLE rear,SPOKES composite front,SPOKES composite rear,SBLADEW front,SBLADEW rear,Saddle length,Saddle height,Down tube diameter,Seatpost LENGTH,Seat tube type
420.0,70.0,640.0,68.0,120.0,45.0,540.0,74.0,650.0,45.0,45.0,25.4,36.5,23.35,23.35,13.0,15.0,ALUMINIUM,30.0,40.0,50.0,330.0,350.0,16.0,18.0,False,False,135.0,2.0,0.9,1.1,0.9,1.2,1.0,0.9,674.0,52.0,674.0,52.0,1,1,False,1,1,68.0,53.0,0.0,31.8,False,False,False,False,True,12,1,False,192.0,192.0,192.0,SPOKED,SPOKED,1,1,80.0,80.0,278.0,700.0,36.5,300.0,1
430.0,70.0,655.0,67.0,125.0,45.0,550.0,74.0,660.0,45.0,45.0,28.6,38.0,23.35,23.35,13.0,15.0,ALUMINIUM,32.0,42.0,52.0,330.0,350.0,16.0,18.0,False,False,135.0,2.0,0.9,1.1,1.0,1.2,1.0,0.9,674.0,52.0,674.0,52.0,1,1,False,1,1,68.0,53.0,0.0,31.8,False,False,False,False,True,12,1,False,192.0,192.0,192.0,SPOKED,SPOKED,1,1,80.0,80.0,280.0,710.0,38.0,310.0,1
435.0,70.0,650.0,66.0,130.0,45.0,530.0,74.0,655.0,45.0,45.0,31.8,40.0,23.35,23.35,13.0,15.0,ALUMINIUM,35.0,45.0,55.0,330.0,350.0,16.0,18.0,False,False,135.0,2.0,1.0,1.1,0.9,1.2,1.0,0.9,674.0,52.0,674.0,52.0,1,1,False,1,1,68.0,53.0,0.0,31.8,False,False,False,False,True,12,1,False,192.0,192.0,192.0,SPOKED,SPOKED,1,1,80.0,80.0,285.0,705.0,40.0,320.0,1
415.0,70.0,645.0,68.5,118.0,45.0,545.0,74.0,648.0,45.0,45.0,30.2,37.0,23.35,23.35,13.0,15.0,ALUMINIUM,28.0,38.0,48.0,330.0,350.0,16.0,18.0,False,False,135.0,2.0,0.9,1.1,0.9,1.2,1.0,0.9,674.0,52.0,674.0,52.0,1,1,False,1,1,68.0,53.0,0.0,31.8,False,False,False,False,True,12,1,False,192.0,192.0,192.0,SPOKED,SPOKED,1,1,80.0,80.0,275.0,695.0,37.0,305.0,1
425.0,70.0,660.0,69.0,132.0,45.0,560.0,74.0,665.0,45.0,45.0,27.0,39.0,23.35,23.35,13.0,15.0,ALUMINIUM,38.0,44.0,54.0,330.0,350.0,16.0,18.0,False,False,135.0,2.0,0.9,1.1,0.9,1.2,1.0,0.9,674.0,52.0,674.0,52.0,1,1,False,1,1,68.0,53.0,0.0,31.8,False,False,False,False,True,12,1,False,192.0,192.0,192.0,SPOKED,SPOKED,1,1,80.0,80.0,290.0,720.0,39.0,330.0,1
440.0,70.0,635.0,70.0,140.0,45.0,565.0,74.0,670.0,45.0,45.0,26.0,37.5,23.35,23.35,13.0,15.0,ALUMINIUM,40.0,50.0,60.0,330.0,350.0,16.0,18.0,False,False,135.0,2.0,0.9,1.1,0.9,1.2,1.0,0.9,674.0,52.0,674.0,52.0,1,1,False,1,1,68.0,53.0,0.0,31.8,False,False,False,False,True,12,1,False,192.0,192.0,192.0,SPOKED,SPOKED,1,1,80.0,80.0,265.0,710.0,37.5,315.0,1
445.0,70.0,655.0,67.5,135.0,45.0,535.0,74.0,662.0,45.0,45.0,27.5,38.5,23.35,23.35,13.0,15.0,ALUMINIUM,36.0,46.0,56.0,330.0,350.0,16.0,18.0,False,False,135.0,2.0,0.9,1.1,0.9,1.2,1.0,0.9,674.0,52.0,674.0,52.0,1,1,False,1,1,68.0,53.0,0.0,31.8,False,False,False,False,True,12,1,False,192.0,192.0,192.0,SPOKED,SPOKED,1,1,80.0,80.0,280.0,705.0,38.5,325.0,1
450.0,70.0,665.0,66.5,145.0,45.0,555.0,74.0,657.0,45.0,45.0,30.0,41.0,23.35,23.35,13.0,15.0,ALUMINIUM,42.0,52.0,62.0,330.0,350.0,16.0,18.0,False,False,135.0,2.0,0.9,1.1,0.9,1.2,1.0,0.9,674.0,52.0,674.0,52.0,1,1,False,1,1,68.0,53.0,0.0,31.8,False,False,False,False,True,12,1,False,192.0,192.0,192.0,SPOKED,SPOKED,1,1,80.0,80.0,295.0,725.0,41.0,335.0,1
438.0,70.0,658.0,69.5,150.0,45.0,525.0,74.0,652.0,45.0,45.0,26.5,39.5,23.35,23.35,13.0,15.0,ALUMINIUM,33.0,43.0,53.0,330.0,350.0,16.0,18.0,False,False,135.0,2.0,0.9,1.1,0.9,1.2,1.0,0.9,674.0,52.0,674.0,52.0,1,1,False,1,1,68.0,53.0,0.0,31.8,False,False,False,False,True,12,1,False,192.0,192.0,192.0,SPOKED,SPOKED,1,1,80.0,80.0,275.0,695.0,39.5,340.0,1
460.0,70.0,648.0,67.8,155.0,45.0,570.0,74.0,668.0,45.0,45.0,29.1,42.0,23.35,23.35,13.0,15.0,ALUMINIUM,34.0,54.0,64.0,330.0,350.0,16.0,18.0,False,False,135.0,2.0,0.9,1.1,0.9,1.2,1.0,0.9,674.0,52.0,674.0,52.0,1,1,False,1,1,68.0,53.0,0.0,31.8,False,False,False,False,True,12,1,False,192.0,192.0,192.0,SPOKED,SPOKED,1,1,80.0,80.0,300.0,730.0,42.0,350.0,1
435.0,35.0,620.0,66.0,120.0,45.0,520.0,74.0,660.0,45.0,45.0,33.0,40.0,36.0,27.0,15.0,10.0,ALUMINIUM,30.0,35.0,30.0,0.0,0.0,0.0,0.0,False,False,142.0,2.0,1.2,1.2,1.2,1.0,1.0,1.2,740.0,52.0,740.0,52.0,1,1,False,1,1,68.0,44.0,0.0,34.0,False,True,False,False,True,11,1,False,192.0,192.0,192.0,SPOKED,SPOKED,0,0,80.0,80.0,280.0,830.0,40.0,300.0,1
440.0,33.0,630.0,67.0,130.0,50.0,530.0,75.0,680.0,50.0,45.0,34.0,42.0,38.0,29.0,15.0,10.0,ALUMINIUM,40.0,45.0,40.0,0.0,0.0,0.0,0.0,False,False,142.0,2.0,1.2,1.2,1.2,1.0,1.0,1.2,740.0,52.0,740.0,52.0,1,1,False,1,1,68.0,44.0,0.0,34.0,False,True,False,False,True,11,1,False,192.0,192.0,192.0,SPOKED,SPOKED,0,0,80.0,80.0,280.0,830.0,42.0,300.0,1
430.0,36.0,610.0,65.0,140.0,40.0,510.0,73.0,670.0,40.0,45.0,35.0,38.0,34.0,25.0,15.0,10.0,ALUMINIUM,50.0,55.0,50.0,0.0,0.0,0.0,0.0,False,False,142.0,2.0,1.2,1.2,1.2,1.0,1.0,1.2,740.0,52.0,740.0,52.0,1,1,False,1,1,68.0,44.0,0.0,34.0,False,True,False,False,True,11,1,False,192.0,192.0,192.0,SPOKED,SPOKED,0,0,80.0,80.0,280.0,830.0,38.0,300.0,1
445.0,34.0,640.0,68.0,150.0,55.0,540.0,76.0,690.0,55.0,45.0,36.0,45.0,37.0,28.0,15.0,10.0,ALUMINIUM,60.0,65.0,60.0,0.0,0.0,0.0,0.0,False,False,142.0,2.0,1.2,1.2,1.2,1.0,1.0,1.2,740.0,52.0,740.0,52.0,1,1,False,1,1,68.0,44.0,0.0,34.0,False,True,False,False,True,11,1,False,192.0,192.0,192.0,SPOKED,SPOKED,0,0,80.0,80.0,280.0,830.0,45.0,300.0,1
438.0,32.0,615.0,66.5,135.0,48.0,525.0,74.5,665.0,47.0,45.0,34.0,41.0,35.0,26.0,15.0,10.0,ALUMINIUM,45.0,50.0,45.0,0.0,0.0,0.0,0.0,False,False,142.0,2.0,1.2,1.2,1.2,1.0,1.0,1.2,740.0,52.0,740.0,52.0,1,1,False,1,1,68.0,44.0,0.0,34.0,False,True,False,False,True,11,1,False,192.0,192.0,192.0,SPOKED,SPOKED,0,0,80.0,80.0,280.0,830.0,41.0,300.0,1
442.0,31.0,625.0,67.5,145.0,52.0,535.0,75.5,685.0,52.0,45.0,33.0,43.0,39.0,30.0,15.0,10.0,ALUMINIUM,55.0,60.0,55.0,0.0,0.0,0.0,0.0,False,False,142.0,2.0,1.2,1.2,1.2,1.0,1.0,1.2,740.0,52.0,740.0,52.0,1,1,False,1,1,68.0,44.0,0.0,34.0,False,True,False,False,True,11,1,False,192.0,192.0,192.0,SPOKED,SPOKED,0,0,80.0,80.0,280.0,830.0,43.0,300.0,1
433.0,37.0,635.0,65.5,125.0,42.0,515.0,73.5,675.0,42.0,45.0,32.0,39.0,33.0,24.0,15.0,10.0,ALUMINIUM,35.0,40.0,35.0,0.0,0.0,0.0,0.0,False,False,142.0,2.0,1.2,1.2,1.2,1.0,1.0,1.2,740.0,52.0,740.0,52.0,1,1,False,1,1,68.0,44.0,0.0,34.0,False,True,False,False,True,11,1,False,192.0,192.0,192.0,SPOKED,SPOKED,0,0,80.0,80.0,280.0,830.0,39.0,300.0,1
439.0,33.0,645.0,68.5,155.0,53.0,545.0,76.5,695.0,57.0,45.0,35.0,44.0,40.0,31.0,15.0,10.0,ALUMINIUM,65.0,70.0,65.0,0.0,0.0,0.0,0.0,False,False,142.0,2.0,1.2,1.2,1.2,1.0,1.0,1.2,740.0,52.0,740.0,52.0,1,1,False,1,1,68.0,44.0,0.0,34.0,False,True,False,False,True,11,1,False,192.0,192.0,192.0,SPOKED,SPOKED,0,0,80.0,80.0,280.0,830.0,44.0,300.0,1
436.0,34.0,605.0,66.2,128.0,46.0,522.0,74.2,662.0,44.0,45.0,36.0,40.0,36.0,27.0,15.0,10.0,ALUMINIUM,32.0,38.0,32.0,0.0,0.0,0.0,0.0,False,False,142.0,2.0,1.2,1.2,1.2,1.0,1.0,1.2,740.0,52.0,740.0,52.0,1,1,False,1,1,68.0,44.0,0.0,34.0,False,True,False,False,True,11,1,False,192.0,192.0,192.0,SPOKED,SPOKED,0,0,80.0,80.0,280.0,830.0,36.0,300.0,1
441.0,32.0,655.0,67.8,148.0,51.0,532.0,75.8,682.0,49.0,45.0,33.0,42.0,38.0,29.0,15.0,10.0,ALUMINIUM,42.0,48.0,42.0,0.0,0.0,0.0,0.0,False,False,142.0,2.0,1.2,1.2,1.2,1.0,1.0,1.2,740.0,52.0,740.0,52.0,1,1,False,1,1,68.0,44.0,0.0,34.0,False,True,False,False,True,11,1,False,192.0,192.0,192.0,SPOKED,SPOKED,0,0,80.0,80.0,280.0,830.0,42.0,300.0,1
430.0,65.0,600.0,67.0,120.0,45.0,550.0,73.0,650.0,50.0,45.0,34.0,36.5,23.3,23.3,13.0,15.0,ALUMINIUM,40.0,50.0,40.0,330.0,350.0,0.0,0.0,False,False,148.0,2.5,2.0,2.5,2.5,2.0,2.0,2.5,730.0,108.0,730.0,108.0,1,1,False,1,1,73.0,44.0,0.0,31.8,True,True,False,False,True,12,1,False,192.0,192.0,192.0,SPOKED,SPOKED,0,0,80.0,80.0,280.0,720.0,36.5,350.0,1
425.0,70.0,620.0,66.0,140.0,45.0,530.0,74.0,660.0,45.0,45.0,38.0,40.0,25.0,27.4,13.0,15.0,ALUMINIUM,45.0,52.0,42.0,330.0,350.0,0.0,0.0,False,False,148.0,3.0,2.5,3.0,3.0,2.5,2.5,3.0,730.0,108.0,730.0,108.0,1,0,False,1,1,71.0,46.0,0.0,32.0,True,True,False,False,True,12,1,False,192.0,192.0,192.0,SPOKED,SPOKED,0,0,80.0,80.0,290.0,710.0,38.0,360.0,1
440.0,60.0,580.0,68.0,130.0,45.0,550.0,73.5,640.0,50.0,45.0,32.0,35.0,23.3,23.3,13.0,15.0,ALUMINIUM,35.0,48.0,38.0,330.0,350.0,0.0,0.0,False,False,148.0,2.0,1.8,2.0,2.0,1.8,1.8,2.0,730.0,108.0,730.0,108.0,1,2,False,1,1,74.0,44.0,0.0,31.8,True,True,False,False,True,12,1,False,192.0,192.0,192.0,SPOKED,SPOKED,0,0,80.0,80.0,270.0,730.0,35.0,340.0,1
450.0,75.0,610.0,67.5,150.0,45.0,560.0,72.5,660.0,47.0,45.0,36.0,38.0,24.0,24.0,13.0,15.0,ALUMINIUM,50.0,55.0,45.0,330.0,350.0,0.0,0.0,False,False,148.0,2.2,2.0,2.3,2.3,2.0,2.0,2.2,730.0,108.0,730.0,108.0,1,0,False,1,1,75.0,47.0,0.0,33.0,True,True,False,False,True,12,1,False,192.0,192.0,192.0,SPOKED,SPOKED,0,0,80.0,80.0,300.0,725.0,37.0,355.0,1
420.0,65.0,590.0,66.5,120.0,45.0,545.0,73.0,650.0,46.0,45.0,40.0,36.5,23.3,23.3,13.0,15.0,ALUMINIUM,42.0,50.0,40.0,330.0,350.0,0.0,0.0,False,False,148.0,2.5,2.2,2.5,2.5,2.2,2.2,2.5,730.0,108.0,730.0,108.0,1,1,False,1,1,73.0,45.0,0.0,31.8,True,True,False,False,True,12,1,False,192.0,192.0,192.0,SPOKED,SPOKED,0,0,80.0,80.0,275.0,715.0,36.0,345.0,1
430.0,63.0,605.0,67.2,135.0,45.0,555.0,73.2,655.0,48.0,45.0,34.0,37.0,24.0,25.0,13.0,15.0,ALUMINIUM,38.0,53.0,43.0,330.0,350.0,0.0,0.0,False,False,135.0,2.5,2.0,2.5,2.5,2.0,2.0,2.5,730.0,108.0,730.0,108.0,1,2,False,1,1,72.0,44.0,0.0,32.5,False,True,False,False,True,11,2,False,192.0,192.0,192.0,SPOKED,SPOKED,0,0,80.0,80.0,285.0,720.0,36.5,365.0,1
425.0,70.0,595.0,66.8,125.0,45.0,540.0,74.0,645.0,46.0,45.0,36.0,39.0,23.3,23.3,13.0,15.0,ALUMINIUM,45.0,48.0,39.0,330.0,350.0,0.0,0.0,False,False,135.0,2.2,2.0,2.3,2.3,2.0,2.0,2.2,730.0,108.0,730.0,108.0,1,0,False,1,1,74.0,46.0,0.0,31.8,False,True,False,False,True,11,2,False,192.0,192.0,192.0,SPOKED,SPOKED,0,0,80.0,80.0,295.0,730.0,38.0,335.0,1
435.0,68.0,615.0,67.7,140.0,45.0,550.0,73.1,650.0,49.0,45.0,38.0,36.0,25.0,27.0,13.0,15.0,ALUMINIUM,40.0,50.0,41.0,330.0,350.0,0.0,0.0,False,False,135.0,2.5,2.0,2.5,2.5,2.0,2.0,2.5,730.0,108.0,730.0,108.0,1,1,False,1,1,73.0,45.0,0.0,32.0,False,True,False,False,True,11,1,False,192.0,192.0,192.0,SPOKED,SPOKED,0,0,80.0,80.0,265.0,715.0,36.0,350.0,1
440.0,66.0,600.0,67.0,130.0,45.0,560.0,72.8,655.0,48.0,45.0,32.0,37.0,23.3,23.3,13.0,15.0,ALUMINIUM,45.0,52.0,42.0,330.0,350.0,0.0,0.0,False,False,135.0,2.2,2.0,2.3,2.3,2.0,2.0,2.2,730.0,108.0,730.0,108.0,1,2,False,1,1,71.0,44.0,0.0,31.8,False,True,False,False,True,11,2,False,192.0,192.0,192.0,SPOKED,SPOKED,0,0,80.0,80.0,305.0,725.0,37.0,360.0,1
445.0,64.0,610.0,67.3,145.0,45.0,530.0,73.4,650.0,50.0,45.0,34.0,35.0,24.0,24.0,13.0,15.0,ALUMINIUM,42.0,49.0,40.0,330.0,350.0,0.0,0.0,False,False,135.0,2.5,2.0,2.5,2.5,2.0,2.0,2.5,730.0,108.0,730.0,108.0,1,0,False,1,1,75.0,47.0,0.0,33.0,False,True,False,False,True,11,2,False,192.0,192.0,192.0,SPOKED,SPOKED,0,0,80.0,80.0,275.0,710.0,35.0,345.0,1
430.0,30.0,590.0,67.0,110.0,45.0,530.0,73.0,650.0,45.0,45.0,28.6,38.0,36.5,23.35,15.0,15.0,ALUMINIUM,30.0,35.0,40.0,0.0,0.0,0.0,0.0,False,False,135.0,2.0,0.9,1.1,0.9,1.2,1.0,0.9,674.0,52.0,674.0,52.0,1,1,False,1,1,68.0,35.0,0.0,31.8,False,False,False,False,True,11,1,False,192.0,192.0,192.0,SPOKED,SPOKED,0,0,0.0,0.0,280.0,80.0,34.9,300.0,1
432.0,30.0,600.0,66.5,115.0,45.0,535.0,72.5,645.0,50.0,46.0,30.0,37.5,37.0,23.35,16.0,15.0,ALUMINIUM,35.0,30.0,45.0,0.0,0.0,0.0,0.0,False,False,135.0,2.0,0.9,1.1,0.9,1.2,1.0,0.9,674.0,52.0,674.0,52.0,1,1,False,1,1,68.0,35.0,0.0,31.8,False,False,False,False,True,11,1,False,192.0,192.0,192.0,SPOKED,SPOKED,0,0,0.0,0.0,285.0,80.0,34.9,310.0,1
434.0,30.0,610.0,68.0,105.0,45.0,525.0,73.5,655.0,40.0,44.0,27.0,35.0,36.5,23.35,14.0,15.0,ALUMINIUM,25.0,40.0,35.0,0.0,0.0,0.0,0.0,False,False,135.0,2.0,0.9,1.1,0.9,1.2,1.0,0.9,674.0,52.0,674.0,52.0,1,1,False,1,1,68.0,35.0,0.0,31.8,False,False,False,False,True,11,1,False,192.0,192.0,192.0,SPOKED,SPOKED,0,0,0.0,0.0,275.0,80.0,34.9,320.0,1
428.0,30.0,580.0,67.5,120.0,45.0,540.0,74.0,660.0,55.0,47.0,31.0,39.5,36.5,23.35,17.0,15.0,ALUMINIUM,40.0,25.0,50.0,0.0,0.0,0.0,0.0,False,False,135.0,2.0,0.9,1.1,0.9,1.2,1.0,0.9,674.0,52.0,674.0,52.0,1,1,False,1,1,68.0,35.0,0.0,31.8,False,False,False,False,True,11,1,False,192.0,192.0,192.0,SPOKED,SPOKED,0,0,0.0,0.0,290.0,80.0,34.9,330.0,1
435.0,30.0,605.0,66.0,100.0,45.0,520.0,72.0,640.0,35.0,43.0,26.0,34.5,35.5,23.35,13.0,15.0,ALUMINIUM,20.0,45.0,30.0,0.0,0.0,0.0,0.0,False,False,135.0,2.0,0.9,1.1,0.9,1.2,1.0,0.9,674.0,52.0,674.0,52.0,1,1,False,1,1,68.0,35.0,0.0,31.8,False,False,False,False,True,11,1,False,192.0,192.0,192.0,SPOKED,SPOKED,0,0,0.0,0.0,270.0,80.0,34.9,340.0,1
427.0,30.0,595.0,68.5,125.0,45.0,545.0,74.5,670.0,60.0,48.0,32.0,39.0,38.0,23.35,18.0,15.0,ALUMINIUM,45.0,20.0,55.0,0.0,0.0,0.0,0.0,False,False,135.0,2.0,0.9,1.1,0.9,1.2,1.0,0.9,674.0,52.0,674.0,52.0,1,1,False,1,1,68.0,35.0,0.0,31.8,False,False,False,False,True,11,1,False,192.0,192.0,192.0,SPOKED,SPOKED,0,0,0.0,0.0,295.0,80.0,34.9,350.0,1
433.0,30.0,585.0,67.2,112.0,45.0,510.0,73.2,635.0,48.0,45.0,29.0,40.5,34.5,23.35,12.0,15.0,ALUMINIUM,28.0,38.0,42.0,0.0,0.0,0.0,0.0,False,False,135.0,2.0,0.9,1.1,0.9,1.2,1.0,0.9,674.0,52.0,674.0,52.0,1,1,False,1,1,68.0,35.0,0.0,31.8,False,False,False,False,True,11,1,False,192.0,192.0,192.0,SPOKED,SPOKED,0,0,0.0,0.0,265.0,80.0,34.9,360.0,1
429.0,30.0,615.0,66.8,107.0,45.0,550.0,72.8,675.0,42.0,44.0,27.5,33.0,38.5,23.35,19.0,15.0,ALUMINIUM,32.0,32.0,38.0,0.0,0.0,0.0,0.0,False,False,135.0,2.0,0.9,1.1,0.9,1.2,1.0,0.9,674.0,52.0,674.0,52.0,1,1,False,1,1,68.0,35.0,0.0,31.8,False,False,False,False,True,11,1,False,192.0,192.0,192.0,SPOKED,SPOKED,0,0,0.0,0.0,300.0,80.0,34.9,370.0,1
431.0,30.0,575.0,68.2,118.0,45.0,515.0,73.8,630.0,58.0,47.0,31.5,41.5,34.0,23.35,11.0,15.0,ALUMINIUM,38.0,42.0,48.0,0.0,0.0,0.0,0.0,False,False,135.0,2.0,0.9,1.1,0.9,1.2,1.0,0.9,674.0,52.0,674.0,52.0,1,1,False,1,1,68.0,35.0,0.0,31.8,False,False,False,False,True,11,1,False,192.0,192.0,192.0,SPOKED,SPOKED,0,0,0.0,0.0,260.0,80.0,34.9,380.0,1
436.0,30.0,620.0,67.8,102.0,45.0,555.0,72.2,680.0,38.0,43.0,26.5,32.0,39.0,23.35,20.0,15.0,ALUMINIUM,22.0,22.0,32.0,0.0,0.0,0.0,0.0,False,False,135.0,2.0,0.9,1.1,0.9,1.2,1.0,0.9,674.0,52.0,674.0,52.0,1,1,False,1,1,68.0,35.0,0.0,31.8,False,False,False,False,True,11,1,False,192.0,192.0,192.0,SPOKED,SPOKED,0,0,0.0,0.0,305.0,80.0,34.9,390.0,1
420.0,68.0,580.0,68.0,120.0,45.0,530.0,74.0,650.0,45.0,45.0,31.8,40.0,36.5,23.35,13.0,15.0,ALUMINIUM,35.0,50.0,40.0,330.0,350.0,16.0,18.0,False,False,135.0,2.0,1.2,1.1,1.2,1.1,1.0,1.2,740.0,52.0,740.0,52.0,1,0,False,1,1,73.0,45.0,0.0,31.8,True,True,False,False,True,10,1,False,192.0,192.0,192.0,SPOKED,SPOKED,1,1,80.0,80.0,280.0,720.0,30.0,300.0,1
430.0,68.0,590.0,67.0,130.0,45.0,540.0,73.0,660.0,45.0,45.0,31.8,40.0,36.5,23.35,13.0,15.0,ALUMINIUM,40.0,55.0,45.0,330.0,350.0,16.0,18.0,False,False,135.0,2.0,1.2,1.1,1.2,1.1,1.0,1.2,730.0,52.0,730.0,52.0,1,1,False,1,1,73.0,45.0,0.0,31.8,True,True,False,False,True,10,2,False,192.0,192.0,192.0,SPOKED,SPOKED,1,1,80.0,80.0,285.0,725.0,31.0,310.0,1
440.0,68.0,600.0,69.0,140.0,45.0,550.0,72.0,670.0,45.0,45.0,31.8,40.0,36.5,23.35,13.0,15.0,ALUMINIUM,45.0,60.0,50.0,330.0,350.0,16.0,18.0,False,False,135.0,2.0,1.2,1.1,1.2,1.1,1.0,1.2,745.0,52.0,745.0,52.0,1,2,False,1,1,73.0,45.0,0.0,31.8,False,True,False,False,True,10,1,False,192.0,192.0,192.0,SPOKED,SPOKED,1,1,80.0,80.0,290.0,730.0,32.0,320.0,1
450.0,68.0,610.0,70.0,150.0,45.0,560.0,74.0,680.0,45.0,45.0,31.8,40.0,36.5,23.35,13.0,15.0,ALUMINIUM,50.0,65.0,55.0,330.0,350.0,16.0,18.0,False,False,135.0,2.0,1.2,1.1,1.2,1.1,1.0,1.2,750.0,52.0,750.0,52.0,1,0,False,1,1,73.0,45.0,0.0,31.8,False,False,False,False,True,10,2,False,192.0,192.0,192.0,SPOKED,SPOKED,1,1,80.0,80.0,295.0,735.0,33.0,330.0,1
460.0,68.0,620.0,68.0,160.0,45.0,570.0,73.0,690.0,45.0,45.0,31.8,40.0,36.5,23.35,13.0,15.0,ALUMINIUM,55.0,70.0,60.0,330.0,350.0,16.0,18.0,False,False,135.0,2.0,1.2,1.1,1.2,1.1,1.0,1.2,740.0,52.0,740.0,52.0,1,1,False,1,1,73.0,45.0,0.0,31.8,True,False,False,False,True,10,1,False,192.0,192.0,192.0,SPOKED,SPOKED,1,1,80.0,80.0,300.0,740.0,34.0,340.0,1
470.0,68.0,630.0,75.0,170.0,45.0,580.0,75.0,700.0,45.0,45.0,31.8,40.0,36.5,23.35,13.0,15.0,ALUMINIUM,60.0,75.0,65.0,330.0,350.0,16.0,18.0,False,False,135.0,2.0,1.2,1.1,1.2,1.1,1.0,1.2,730.0,52.0,730.0,52.0,1,2,False,1,1,73.0,45.0,0.0,31.8,True,True,False,False,True,10,2,False,192.0,192.0,192.0,SPOKED,SPOKED,1,1,80.0,80.0,305.0,745.0,35.0,350.0,1
480.0,68.0,640.0,66.0,180.0,45.0,590.0,74.0,710.0,45.0,45.0,31.8,40.0,36.5,23.35,13.0,15.0,ALUMINIUM,65.0,80.0,70.0,330.0,350.0,16.0,18.0,False,False,135.0,2.0,1.2,1.1,1.2,1.1,1.0,1.2,720.0,52.0,720.0,52.0,1,0,False,1,1,73.0,45.0,0.0,31.8,True,False,False,False,True,10,1,False,192.0,192.0,192.0,SPOKED,SPOKED,1,1,80.0,80.0,310.0,750.0,30.0,360.0,1
490.0,68.0,650.0,72.0,190.0,45.0,600.0,72.0,720.0,45.0,45.0,31.8,40.0,36.5,23.35,13.0,15.0,ALUMINIUM,70.0,85.0,75.0,330.0,350.0,16.0,18.0,False,False,135.0,2.0,1.2,1.1,1.2,1.1,1.0,1.2,710.0,52.0,710.0,52.0,1,1,False,1,1,73.0,45.0,0.0,31.8,False,False,False,False,True,10,2,False,192.0,192.0,192.0,SPOKED,SPOKED,1,1,80.0,80.0,315.0,755.0,31.0,370.0,1
500.0,68.0,660.0,68.0,200.0,45.0,610.0,73.0,730.0,45.0,45.0,31.8,40.0,36.5,23.35,13.0,15.0,ALUMINIUM,75.0,90.0,80.0,330.0,350.0,16.0,18.0,False,False,135.0,2.0,1.2,1.1,1.2,1.1,1.0,1.2,700.0,52.0,700.0,52.0,1,2,False,1,1,73.0,45.0,0.0,31.8,True,True,False,False,True,10,1,False,192.0,192.0,192.0,SPOKED,SPOKED,1,1,80.0,80.0,320.0,760.0,32.0,380.0,1
510.0,68.0,670.0,67.0,210.0,45.0,620.0,74.0,740.0,45.0,45.0,31.8,40.0,36.5,23.35,13.0,15.0,ALUMINIUM,80.0,95.0,85.0,330.0,350.0,16.0,18.0,False,False,135.0,2.0,1.2,1.1,1.2,1.1,1.0,1.2,690.0,52.0,690.0,52.0,1,0,False,1,1,73.0,45.0,0.0,31.8,False,True,False,False,True,10,2,False,192.0,192.0,192.0,SPOKED,SPOKED,1,1,80.0,80.0,325.0,765.0,33.0,390.0,1
430.0,70.0,585.0,68.0,105.0,45.0,540.0,74.0,650.0,45.0,40.0,28.6,36.5,23.35,21.5,13.0,15.0,ALUMINIUM,35.0,40.0,50.0,330.0,350.0,16.0,18.0,False,False,135.0,2.0,0.9,1.1,0.9,0.9,0.9,0.9,700.0,52.0,700.0,52.0,1,1,False,1,1,68.0,46.0,692.0,31.8,True,True,False,False,True,10,2,False,192.0,192.0,192.0,DISC,SPOKED,0,0,0.0,0.0,250.0,720.0,36.5,300.0,1
435.0,70.0,590.0,67.5,110.0,45.0,545.0,73.5,650.0,45.0,40.0,28.6,36.5,23.35,21.5,13.0,15.0,ALUMINIUM,30.0,45.0,50.0,330.0,350.0,16.0,18.0,False,False,135.0,2.0,0.9,1.1,0.9,0.9,0.9,0.9,700.0,52.0,700.0,52.0,1,1,False,1,1,67.5,46.0,692.0,31.8,True,True,False,False,True,10,2,False,192.0,192.0,192.0,DISC,SPOKED,0,0,0.0,0.0,250.0,715.0,36.5,300.0,1
445.0,70.0,580.0,69.0,100.0,45.0,550.0,73.0,650.0,45.0,40.0,28.6,36.5,23.35,21.5,13.0,15.0,ALUMINIUM,40.0,35.0,50.0,330.0,350.0,16.0,18.0,False,False,135.0,2.0,0.9,1.1,0.9,0.9,0.9,0.9,700.0,52.0,700.0,52.0,1,1,False,1,1,69.0,46.0,692.0,31.8,True,True,False,False,True,10,2,False,192.0,192.0,192.0,DISC,SPOKED,0,0,0.0,0.0,250.0,710.0,36.5,300.0,1
450.0,70.0,600.0,68.0,120.0,45.0,530.0,74.5,650.0,45.0,40.0,28.6,36.5,23.35,21.5,13.0,15.0,ALUMINIUM,35.0,40.0,50.0,330.0,350.0,16.0,18.0,False,False,135.0,2.0,0.9,1.1,0.9,0.9,0.9,0.9,700.0,52.0,700.0,52.0,1,1,False,1,1,68.0,46.0,692.0,31.8,True,True,False,False,True,10,2,False,192.0,192.0,192.0,DISC,SPOKED,0,0,0.0,0.0,250.0,725.0,36.5,300.0,1
420.0,70.0,570.0,67.0,95.0,45.0,545.0,75.0,650.0,45.0,40.0,28.6,36.5,23.35,21.5,13.0,15.0,ALUMINIUM,30.0,45.0,50.0,330.0,350.0,16.0,18.0,False,False,135.0,2.0,0.9,1.1,0.9,0.9,0.9,0.9,700.0,52.0,700.0,52.0,1,1,False,1,1,75.0,46.0,692.0,31.8,True,True,False,False,True,10,2,False,192.0,192.0,192.0,DISC,SPOKED,0,0,0.0,0.0,250.0,730.0,36.5,300.0,1
440.0,70.0,595.0,68.5,115.0,45.0,535.0,73.5,650.0,45.0,40.0,28.6,36.5,23.35,21.5,13.0,15.0,ALUMINIUM,40.0,40.0,50.0,330.0,350.0,16.0,18.0,False,False,135.0,2.0,0.9,1.1,0.9,0.9,0.9,0.9,700.0,52.0,700.0,52.0,1,1,False,1,1,68.5,46.0,692.0,31.8,True,True,False,False,True,10,2,False,192.0,192.0,192.0,DISC,SPOKED,0,0,0.0,0.0,250.0,720.0,36.5,300.0,1
430.0,70.0,610.0,68.0,125.0,45.0,525.0,74.0,650.0,45.0,40.0,28.6,36.5,23.35,21.5,13.0,15.0,ALUMINIUM,30.0,45.0,50.0,330.0,350.0,16.0,18.0,False,False,135.0,2.0,0.9,1.1,0.9,0.9,0.9,0.9,700.0,52.0,700.0,52.0,1,1,False,1,1,68.0,46.0,692.0,31.8,True,True,False,False,True,10,2,False,192.0,192.0,192.0,DISC,SPOKED,0,0,0.0,0.0,250.0,715.0,36.5,300.0,1
425.0,70.0,565.0,67.5,90.0,45.0,555.0,75.0,650.0,45.0,40.0,28.6,36.5,23.35,21.5,13.0,15.0,ALUMINIUM,35.0,40.0,50.0,330.0,350.0,16.0,18.0,False,False,135.0,2.0,0.9,1.1,0.9,0.9,0.9,0.9,700.0,52.0,700.0,52.0,1,1,False,1,1,67.5,46.0,692.0,31.8,True,True,False,False,True,10,2,False,192.0,192.0,192.0,DISC,SPOKED,0,0,0.0,0.0,250.0,735.0,36.5,300.0,1
415.0,70.0,620.0,69.0,130.0,45.0,520.0,74.5,650.0,45.0,40.0,28.6,36.5,23.35,21.5,13.0,15.0,ALUMINIUM,30.0,35.0,50.0,330.0,350.0,16.0,18.0,False,False,135.0,2.0,0.9,1.1,0.9,0.9,0.9,0.9,700.0,52.0,700.0,52.0,1,1,False,1,1,69.0,46.0,692.0,31.8,True,True,False,False,True,10,2,False,192.0,192.0,192.0,DISC,SPOKED,0,0,0.0,0.0,250.0,740.0,36.5,300.0,1
460.0,70.0,605.0,68.0,110.0,45.0,530.0,73.0,650.0,45.0,40.0,28.6,36.5,23.35,21.5,13.0,15.0,ALUMINIUM,40.0,45.0,50.0,330.0,350.0,16.0,18.0,False,False,135.0,2.0,0.9,1.1,0.9,0.9,0.9,0.9,700.0,52.0,700.0,52.0,1,1,False,1,1,68.0,46.0,692.0,31.8,True,True,False,False,True,10,2,False,192.0,192.0,192.0,DISC,SPOKED,0,0,0.0,0.0,250.0,730.0,36.5,300.0,1
430.0,65.0,600.0,67.0,100.0,45.0,550.0,73.5,650.0,46.0,40.0,40.0,38.0,23.35,23.35,15.0,9.0,ALUMINIUM,30.0,40.0,40.0,330.0,350.0,16.0,18.0,False,False,148.0,2.0,0.9,1.1,0.9,1.2,1.0,0.9,737.0,55.0,737.0,55.0,1,1,False,1,1,68.0,34.0,0.0,31.8,False,False,False,False,True,12,1,False,192.0,192.0,192.0,SPOKED,SPOKED,1,1,80.0,80.0,275.0,290.0,38.0,300.0,1
435.0,68.0,610.0,66.0,110.0,47.0,565.0,73.0,655.0,45.0,40.0,42.0,38.0,24.0,24.0,16.0,9.0,ALUMINIUM,32.0,42.0,42.0,330.0,350.0,16.0,18.0,False,False,148.0,2.0,1.0,1.2,0.9,1.2,1.0,1.0,737.0,55.0,737.0,55.0,1,2,False,1,1,73.0,36.0,0.0,31.8,True,False,False,False,True,12,1,False,200.0,200.0,200.0,SPOKED,SPOKED,1,1,80.0,80.0,280.0,300.0,38.0,310.0,1
425.0,63.0,590.0,68.0,95.0,44.0,540.0,74.0,645.0,45.0,40.0,40.0,38.0,23.35,23.35,15.0,9.0,ALUMINIUM,29.0,38.0,38.0,330.0,350.0,16.0,18.0,False,False,130.0,2.0,0.9,1.1,0.9,1.2,1.0,0.9,737.0,55.0,737.0,55.0,1,1,False,1,1,68.0,34.0,0.0,31.8,False,True,False,False,True,12,1,False,180.0,180.0,180.0,SPOKED,SPOKED,1,1,80.0,80.0,265.0,295.0,38.0,305.0,1
440.0,70.0,615.0,66.5,120.0,46.0,555.0,73.5,660.0,46.0,40.0,42.0,38.0,24.0,24.0,16.0,9.0,ALUMINIUM,33.0,43.0,43.0,330.0,350.0,16.0,18.0,False,False,130.0,2.0,1.0,1.1,0.9,1.2,1.0,0.95,737.0,55.0,737.0,55.0,1,1,False,1,1,73.0,35.0,0.0,31.8,False,False,False,True,True,12,1,False,205.0,205.0,205.0,SPOKED,SPOKED,1,1,80.0,80.0,270.0,300.0,38.0,295.0,1
420.0,60.0,595.0,67.5,90.0,43.0,530.0,74.5,640.0,44.0,40.0,38.0,36.0,23.35,23.35,15.0,9.0,ALUMINIUM,28.0,37.0,37.0,330.0,350.0,16.0,18.0,False,False,130.0,2.0,0.9,1.05,0.9,1.2,1.0,0.9,737.0,55.0,737.0,55.0,1,1,False,1,1,68.0,34.0,0.0,31.8,False,False,True,False,True,12,1,False,220.0,220.0,220.0,SPOKED,SPOKED,1,1,80.0,80.0,260.0,285.0,36.0,290.0,1
438.0,70.0,605.0,67.0,105.0,46.0,560.0,73.0,658.0,47.0,40.0,42.0,38.0,24.0,24.0,16.0,9.0,ALUMINIUM,31.0,41.0,41.0,330.0,350.0,16.0,18.0,False,False,148.0,2.0,1.0,1.1,0.9,1.25,1.0,0.95,737.0,55.0,737.0,55.0,1,2,False,1,1,73.0,36.0,0.0,31.8,False,True,False,False,True,12,1,False,190.0,190.0,190.0,SPOKED,SPOKED,1,1,80.0,80.0,285.0,305.0,38.0,310.0,1
420.0,62.0,595.0,66.0,100.0,45.0,545.0,74.0,650.0,45.0,40.0,40.0,38.0,23.35,23.35,15.0,9.0,ALUMINIUM,30.0,39.0,39.0,330.0,350.0,16.0,18.0,False,False,148.0,2.0,0.9,1.1,0.9,1.2,1.0,0.9,737.0,55.0,737.0,55.0,1,1,False,1,1,68.0,34.0,0.0,31.8,False,False,False,False,True,12,1,False,210.0,210.0,210.0,SPOKED,SPOKED,1,1,80.0,80.0,280.0,300.0,38.0,300.0,1
432.0,66.0,602.0,67.0,102.0,46.0,555.0,73.5,655.0,46.0,40.0,42.0,38.0,24.0,24.0,16.0,9.0,ALUMINIUM,31.0,40.0,40.0,330.0,350.0,16.0,18.0,False,False,130.0,2.0,1.0,1.1,0.9,1.2,1.0,0.9,737.0,55.0,737.0,55.0,1,1,False,1,1,73.0,35.0,0.0,31.8,True,False,False,False,True,12,1,False,195.0,195.0,195.0,SPOKED,SPOKED,1,1,80.0,80.0,272.0,298.0,38.0,295.0,1
430.0,65.0,599.0,67.0,98.0,45.0,550.0,73.0,652.0,46.0,40.0,40.0,37.0,23.35,23.35,15.0,9.0,ALUMINIUM,30.0,39.0,39.0,330.0,350.0,16.0,18.0,False,False,148.0,2.0,0.9,1.1,0.9,1.2,1.0,0.9,737.0,55.0,737.0,55.0,1,1,False,1,1,68.0,34.5,0.0,31.8,False,False,False,True,True,12,1,False,215.0,215.0,215.0,SPOKED,SPOKED,1,1,80.0,80.0,278.0,292.0,38.0,302.0,1
432.0,68.0,608.0,65.5,120.0,47.0,570.0,73.5,660.0,45.0,40.0,42.0,38.5,24.0,24.0,16.0,9.0,ALUMINIUM,35.0,45.0,45.0,330.0,350.0,16.0,18.0,False,False,148.0,2.0,1.0,1.1,0.9,1.2,1.0,1.0,737.0,55.0,737.0,55.0,1,2,False,1,1,73.0,36.0,0.0,31.8,False,False,True,False,True,12,1,False,205.0,205.0,205.0,SPOKED,SPOKED,1,1,80.0,80.0,290.0,310.0,38.5,315.0,1
435.0,70.0,600.0,67.0,110.0,50.0,450.0,73.0,700.0,47.0,40.0,32.0,36.0,25.0,25.0,14.0,15.0,ALUMINIUM,30.0,40.0,30.0,0.0,0.0,0.0,0.0,False,False,135.0,2.0,0.9,1.1,0.9,1.2,1.0,0.9,674.0,52.0,674.0,52.0,1,1,False,1,1,68.0,34.0,0.0,31.8,True,False,False,False,True,12,1,False,192.0,192.0,192.0,SPOKED,SPOKED,0,0,0.0,0.0,280.0,720.0,36.0,300.0,1
420.0,68.0,590.0,66.5,100.0,45.0,460.0,72.0,710.0,46.0,40.0,30.0,35.0,24.0,26.0,13.0,16.0,ALUMINIUM,28.0,38.0,32.0,0.0,0.0,0.0,0.0,False,False,135.0,2.0,0.9,1.1,0.9,1.2,1.0,0.9,674.0,52.0,674.0,52.0,1,0,False,1,1,68.0,32.0,0.0,31.8,True,False,False,False,True,11,1,False,192.0,192.0,192.0,SPOKED,SPOKED,0,0,0.0,0.0,275.0,715.0,35.0,295.0,1
440.0,72.0,610.0,67.5,115.0,52.0,445.0,73.5,695.0,48.0,40.0,34.0,38.0,26.0,24.0,15.0,14.0,ALUMINIUM,32.0,42.0,28.0,0.0,0.0,0.0,0.0,False,False,148.0,2.0,0.9,1.1,0.9,1.2,1.0,0.9,674.0,52.0,674.0,52.0,1,1,False,1,1,73.0,36.0,0.0,31.8,True,False,False,False,True,10,1,False,192.0,192.0,192.0,SPOKED,SPOKED,0,0,0.0,0.0,280.0,720.0,38.0,300.0,1
425.0,65.0,580.0,66.0,105.0,48.0,455.0,71.5,705.0,47.0,40.0,31.0,34.0,25.0,25.0,14.0,15.0,ALUMINIUM,29.0,41.0,31.0,0.0,0.0,0.0,0.0,False,False,135.0,2.0,0.9,1.1,0.9,1.2,1.0,0.9,674.0,52.0,674.0,52.0,1,1,False,1,1,68.0,33.0,0.0,31.8,True,True,False,False,True,12,2,False,192.0,192.0,192.0,SPOKED,SPOKED,0,0,0.0,0.0,275.0,715.0,34.0,295.0,1
438.0,70.0,615.0,68.0,120.0,50.0,460.0,74.0,720.0,45.0,40.0,33.0,37.0,26.0,26.0,13.0,16.0,ALUMINIUM,33.0,43.0,35.0,0.0,0.0,0.0,0.0,False,False,148.0,2.0,0.9,1.1,0.9,1.2,1.0,0.9,674.0,52.0,674.0,52.0,1,1,False,1,1,68.0,34.0,0.0,31.8,True,False,False,False,True,11,1,False,192.0,192.0,192.0,SPOKED,SPOKED,0,0,0.0,0.0,280.0,720.0,37.0,300.0,1
430.0,68.0,605.0,67.0,110.0,47.0,440.0,72.0,690.0,47.0,40.0,30.0,36.0,24.0,25.0,14.0,15.0,ALUMINIUM,34.0,44.0,30.0,0.0,0.0,0.0,0.0,False,False,135.0,2.0,0.9,1.1,0.9,1.2,1.0,0.9,674.0,52.0,674.0,52.0,1,1,False,1,1,68.0,34.0,0.0,31.8,True,True,False,False,True,10,1,False,192.0,192.0,192.0,SPOKED,SPOKED,0,0,0.0,0.0,280.0,720.0,36.0,300.0,1
435.0,72.0,595.0,66.5,102.0,49.0,455.0,73.0,715.0,46.0,40.0,32.0,35.0,25.0,24.0,15.0,14.0,ALUMINIUM,31.0,41.0,29.0,0.0,0.0,0.0,0.0,False,False,148.0,2.0,0.9,1.1,0.9,1.2,1.0,0.9,674.0,52.0,674.0,52.0,1,0,False,1,1,70.0,32.0,0.0,31.8,True,False,False,False,True,12,1,False,192.0,192.0,192.0,SPOKED,SPOKED,0,0,0.0,0.0,275.0,715.0,35.0,295.0,1
445.0,70.0,620.0,67.5,118.0,53.0,450.0,74.0,730.0,48.0,40.0,34.0,38.0,26.0,26.0,14.0,16.0,ALUMINIUM,36.0,46.0,32.0,0.0,0.0,0.0,0.0,False,False,148.0,2.0,0.9,1.1,0.9,1.2,1.0,0.9,674.0,52.0,674.0,52.0,1,1,False,1,1,68.0,34.0,0.0,31.8,True,False,False,False,True,11,1,False,192.0,192.0,192.0,SPOKED,SPOKED,0,0,0.0,0.0,280.0,720.0,38.0,300.0,1
440.0,69.0,615.0,67.0,112.0,52.0,460.0,72.5,705.0,47.0,40.0,31.0,36.0,25.0,25.0,15.0,14.0,ALUMINIUM,32.0,42.0,30.0,0.0,0.0,0.0,0.0,False,False,135.0,2.0,0.9,1.1,0.9,1.2,1.0,0.9,674.0,52.0,674.0,52.0,1,1,False,1,1,68.0,34.0,0.0,31.8,True,True,False,False,True,12,1,False,192.0,192.0,192.0,SPOKED,SPOKED,0,0,0.0,0.0,280.0,720.0,36.0,300.0,1
425.0,71.0,590.0,66.8,108.0,48.0,445.0,73.2,700.0,47.0,40.0,33.0,37.0,24.0,26.0,14.0,15.0,ALUMINIUM,30.0,40.0,30.0,0.0,0.0,0.0,0.0,False,False,135.0,2.0,0.9,1.1,0.9,1.2,1.0,0.9,674.0,52.0,674.0,52.0,1,1,False,1,1,68.0,33.0,0.0,31.8,False,True,False,False,True,11,2,False,192.0,192.0,192.0,SPOKED,SPOKED,0,0,0.0,0.0,280.0,720.0,37.0,300.0,1
435.0,65.0,600.0,66.0,120.0,45.0,560.0,73.0,650.0,50.0,45.0,35.0,40.0,30.0,30.0,15.0,10.0,ALUMINIUM,30.0,40.0,30.0,330.0,350.0,16.0,18.0,False,False,135.0,2.0,1.0,1.1,0.9,1.2,1.0,0.9,736.0,60.0,736.0,60.0,1,1,False,1,1,68.0,45.0,0.0,35.0,False,False,False,False,True,11,3,False,192.0,192.0,192.0,SPOKED,SPOKED,0,0,0.0,0.0,280.0,80.0,40.0,300.0,1
440.0,68.0,610.0,67.0,130.0,45.0,580.0,74.0,630.0,48.0,45.0,35.0,40.0,30.0,30.0,15.0,10.0,ALUMINIUM,32.0,42.0,32.0,330.0,350.0,16.0,18.0,False,False,135.0,2.0,1.0,1.1,0.9,1.2,1.0,0.9,736.0,60.0,736.0,60.0,1,1,False,1,1,68.0,45.0,0.0,35.0,False,False,False,False,True,11,3,False,192.0,192.0,192.0,SPOKED,SPOKED,0,0,0.0,0.0,280.0,80.0,40.0,300.0,1
445.0,62.0,590.0,68.0,100.0,45.0,550.0,75.0,660.0,52.0,45.0,35.0,40.0,30.0,30.0,15.0,10.0,ALUMINIUM,28.0,38.0,28.0,330.0,350.0,16.0,18.0,False,False,135.0,2.0,1.0,1.1,0.9,1.2,1.0,0.9,736.0,60.0,736.0,60.0,1,1,False,1,1,68.0,45.0,0.0,35.0,False,False,False,False,True,11,3,False,192.0,192.0,192.0,SPOKED,SPOKED,0,0,0.0,0.0,280.0,80.0,40.0,300.0,1
430.0,70.0,620.0,66.5,140.0,45.0,600.0,73.5,620.0,45.0,45.0,35.0,40.0,30.0,30.0,15.0,10.0,ALUMINIUM,35.0,45.0,35.0,330.0,350.0,16.0,18.0,False,False,135.0,2.0,1.0,1.1,0.9,1.2,1.0,0.9,736.0,60.0,736.0,60.0,1,1,False,1,1,68.0,45.0,0.0,35.0,False,False,False,False,True,11,3,False,192.0,192.0,192.0,SPOKED,SPOKED,0,0,0.0,0.0,280.0,80.0,40.0,300.0,1
450.0,63.0,580.0,67.5,115.0,45.0,570.0,74.5,640.0,55.0,45.0,35.0,40.0,30.0,30.0,15.0,10.0,ALUMINIUM,25.0,35.0,25.0,330.0,350.0,16.0,18.0,False,False,135.0,2.0,1.0,1.1,0.9,1.2,1.0,0.9,736.0,60.0,736.0,60.0,1,1,False,1,1,68.0,45.0,0.0,35.0,False,False,False,False,True,11,3,False,192.0,192.0,192.0,SPOKED,SPOKED,0,0,0.0,0.0,280.0,80.0,40.0,300.0,1
438.0,66.0,605.0,66.2,125.0,45.0,590.0,73.2,670.0,49.0,45.0,35.0,40.0,30.0,30.0,15.0,10.0,ALUMINIUM,40.0,50.0,40.0,330.0,350.0,16.0,18.0,False,False,135.0,2.0,1.0,1.1,0.9,1.2,1.0,0.9,736.0,60.0,736.0,60.0,1,1,False,1,1,68.0,45.0,0.0,35.0,False,False,False,False,True,11,3,False,192.0,192.0,192.0,SPOKED,SPOKED,0,0,0.0,0.0,280.0,80.0,40.0,300.0,1
442.0,67.0,615.0,67.2,105.0,45.0,555.0,74.2,655.0,53.0,45.0,35.0,40.0,30.0,30.0,15.0,10.0,ALUMINIUM,33.0,43.0,33.0,330.0,350.0,16.0,18.0,False,False,135.0,2.0,1.0,1.1,0.9,1.2,1.0,0.9,736.0,60.0,736.0,60.0,1,1,False,1,1,68.0,45.0,0.0,35.0,False,False,False,False,True,11,3,False,192.0,192.0,192.0,SPOKED,SPOKED,0,0,0.0,0.0,280.0,80.0,40.0,300.0,1
436.0,64.0,595.0,68.0,135.0,45.0,595.0,75.0,645.0,47.0,45.0,35.0,40.0,30.0,30.0,15.0,10.0,ALUMINIUM,27.0,37.0,27.0,330.0,350.0,16.0,18.0,False,False,135.0,2.0,1.0,1.1,0.9,1.2,1.0,0.9,736.0,60.0,736.0,60.0,1,1,False,1,1,68.0,45.0,0.0,35.0,False,False,False,False,True,11,3,False,192.0,192.0,192.0,SPOKED,SPOKED,0,0,0.0,0.0,280.0,80.0,40.0,300.0,1
443.0,69.0,625.0,66.8,118.0,45.0,565.0,73.8,660.0,51.0,45.0,35.0,40.0,30.0,30.0,15.0,10.0,ALUMINIUM,38.0,48.0,38.0,330.0,350.0,16.0,18.0,False,False,135.0,2.0,1.0,1.1,0.9,1.2,1.0,0.9,736.0,60.0,736.0,60.0,1,1,False,1,1,68.0,45.0,0.0,35.0,False,False,False,False,True,11,3,False,192.0,192.0,192.0,SPOKED,SPOKED,0,0,0.0,0.0,280.0,80.0,40.0,300.0,1
448.0,61.0,585.0,67.8,128.0,45.0,585.0,74.8,635.0,46.0,45.0,35.0,40.0,30.0,30.0,15.0,10.0,ALUMINIUM,29.0,39.0,29.0,330.0,350.0,16.0,18.0,False,False,135.0,2.0,1.0,1.1,0.9,1.2,1.0,0.9,736.0,60.0,736.0,60.0,1,1,False,1,1,68.0,45.0,0.0,35.0,False,False,False,False,True,11,3,False,192.0,192.0,192.0,SPOKED,SPOKED,0,0,0.0,0.0,280.0,80.0,40.0,300.0,1
430.0,65.0,620.0,67.0,120.0,45.0,520.0,73.0,660.0,45.0,45.0,40.0,28.6,36.5,23.35,15.0,15.0,ALUMINIUM,30.0,40.0,50.0,330.0,350.0,16.0,18.0,False,False,140.0,2.0,0.9,1.1,0.9,1.2,1.0,0.9,628.0,69.0,628.0,69.0,1,1,False,1,1,73.0,31.8,0.0,40.0,True,True,False,False,True,12,1,False,192.0,192.0,192.0,SPOKED,SPOKED,1,1,80.0,80.0,278.0,650.0,34.9,300.0,1
435.0,68.0,630.0,67.0,115.0,45.0,530.0,73.0,670.0,45.0,45.0,40.0,28.6,36.5,23.35,15.0,15.0,ALUMINIUM,32.0,42.0,52.0,330.0,350.0,16.0,18.0,False,False,142.0,2.0,0.9,1.1,0.9,1.2,1.0,0.9,628.0,69.0,628.0,69.0,1,1,False,1,1,73.0,31.8,0.0,40.0,True,True,False,False,True,12,1,False,192.0,192.0,192.0,SPOKED,SPOKED,1,1,80.0,80.0,278.0,650.0,34.9,300.0,1
425.0,62.0,610.0,67.0,120.0,45.0,515.0,73.0,655.0,45.0,45.0,40.0,28.6,36.5,23.35,15.0,15.0,ALUMINIUM,28.0,38.0,48.0,330.0,350.0,16.0,18.0,False,False,138.0,2.0,0.9,1.1,0.9,1.2,1.0,0.9,628.0,69.0,628.0,69.0,1,1,False,1,1,73.0,31.8,0.0,40.0,True,True,False,False,True,12,1,False,192.0,192.0,192.0,SPOKED,SPOKED,1,1,80.0,80.0,278.0,650.0,34.9,300.0,1
440.0,66.0,635.0,67.0,110.0,45.0,545.0,73.0,680.0,45.0,45.0,40.0,28.6,36.5,23.35,15.0,15.0,ALUMINIUM,35.0,45.0,55.0,330.0,350.0,16.0,18.0,False,False,145.0,2.0,0.9,1.1,0.9,1.2,1.0,0.9,628.0,69.0,628.0,69.0,1,1,False,1,1,73.0,31.8,0.0,40.0,True,True,False,False,True,12,1,False,192.0,192.0,192.0,SPOKED,SPOKED,1,1,80.0,80.0,278.0,650.0,34.9,300.0,1
420.0,64.0,620.0,67.0,125.0,45.0,505.0,73.0,665.0,45.0,45.0,40.0,28.6,36.5,23.35,15.0,15.0,ALUMINIUM,30.0,40.0,50.0,330.0,350.0,16.0,18.0,False,False,140.0,2.0,0.9,1.1,0.9,1.2,1.0,0.9,628.0,69.0,628.0,69.0,1,1,False,1,1,73.0,31.8,0.0,40.0,True,True,False,False,True,12,1,False,192.0,192.0,192.0,SPOKED,SPOKED,1,1,80.0,80.0,278.0,650.0,34.9,300.0,1
450.0,67.0,640.0,67.0,118.0,45.0,525.0,73.0,675.0,45.0,45.0,40.0,28.6,36.5,23.35,15.0,15.0,ALUMINIUM,33.0,43.0,53.0,330.0,350.0,16.0,18.0,False,False,144.0,2.0,0.9,1.1,0.9,1.2,1.0,0.9,628.0,69.0,628.0,69.0,1,1,False,1,1,73.0,31.8,0.0,40.0,True,True,False,False,True,12,1,False,192.0,192.0,192.0,SPOKED,SPOKED,1,1,80.0,80.0,278.0,650.0,34.9,300.0,1
430.0,63.0,615.0,67.0,122.0,45.0,510.0,73.0,660.0,45.0,45.0,40.0,28.6,36.5,23.35,15.0,15.0,ALUMINIUM,29.0,39.0,49.0,330.0,350.0,16.0,18.0,False,False,136.0,2.0,0.9,1.1,0.9,1.2,1.0,0.9,628.0,69.0,628.0,69.0,1,1,False,1,1,73.0,31.8,0.0,40.0,True,True,False,False,True,12,1,False,192.0,192.0,192.0,SPOKED,SPOKED,1,1,80.0,80.0,278.0,650.0,34.9,300.0,1
445.0,65.0,625.0,67.0,130.0,45.0,535.0,73.0,670.0,45.0,45.0,40.0,28.6,36.5,23.35,15.0,15.0,ALUMINIUM,34.0,44.0,54.0,330.0,350.0,16.0,18.0,False,False,143.0,2.0,0.9,1.1,0.9,1.2,1.0,0.9,628.0,69.0,628.0,69.0,1,1,False,1,1,73.0,31.8,0.0,40.0,True,True,False,False,True,12,1,False,192.0,192.0,192.0,SPOKED,SPOKED,1,1,80.0,80.0,278.0,650.0,34.9,300.0,1
438.0,69.0,638.0,67.0,112.0,45.0,520.0,73.0,678.0,45.0,45.0,40.0,28.6,36.5,23.35,15.0,15.0,ALUMINIUM,31.0,41.0,51.0,330.0,350.0,16.0,18.0,False,False,139.0,2.0,0.9,1.1,0.9,1.2,1.0,0.9,628.0,69.0,628.0,69.0,1,1,False,1,1,73.0,31.8,0.0,40.0,True,True,False,False,True,12,1,False,192.0,192.0,192.0,SPOKED,SPOKED,1,1,80.0,80.0,278.0,650.0,34.9,300.0,1
428.0,61.0,605.0,67.0,127.0,45.0,508.0,73.0,652.0,45.0,45.0,40.0,28.6,36.5,23.35,15.0,15.0,ALUMINIUM,27.0,37.0,47.0,330.0,350.0,16.0,18.0,False,False,137.0,2.0,0.9,1.1,0.9,1.2,1.0,0.9,628.0,69.0,628.0,69.0,1,1,False,1,1,73.0,31.8,0.0,40.0,True,True,False,False,True,12,1,False,192.0,192.0,192.0,SPOKED,SPOKED,1,1,80.0,80.0,278.0,650.0,34.9,300.0,1
420.0,70.0,620.0,68.0,110.0,45.0,560.0,73.0,650.0,45.0,40.0,35.0,30.0,36.0,36.0,13.0,9.0,ALUMINIUM,30.0,40.0,40.0,0.0,0.0,0.0,0.0,False,False,135.0,1.0,1.1,1.2,1.1,1.0,1.0,1.1,674.0,52.0,674.0,52.0,1,1,False,1,1,68.0,50.0,0.0,31.8,False,True,False,False,True,11,1,False,192.0,192.0,192.0,SPOKED,SPOKED,1,1,80.0,80.0,280.0,750.0,35.0,350.0,1
425.0,68.0,630.0,67.0,120.0,45.0,570.0,74.0,640.0,50.0,42.0,36.0,32.0,37.0,36.0,13.0,9.0,ALUMINIUM,35.0,45.0,45.0,0.0,0.0,0.0,0.0,False,False,135.0,1.0,1.0,1.3,1.1,1.1,1.0,1.2,674.0,60.0,674.0,60.0,1,2,False,1,1,70.0,52.0,0.0,34.0,False,True,False,False,True,12,1,False,192.0,192.0,192.0,SPOKED,SPOKED,1,1,80.0,80.0,290.0,765.0,36.0,360.0,1
430.0,72.0,615.0,69.0,115.0,45.0,550.0,73.5,655.0,48.0,41.0,34.0,31.0,36.0,35.0,13.0,9.0,ALUMINIUM,32.0,42.0,43.0,0.0,0.0,0.0,0.0,False,False,135.0,1.1,1.1,1.2,1.2,1.0,1.0,1.1,674.0,50.0,674.0,50.0,1,1,False,1,2,73.0,55.0,0.0,32.0,False,True,False,False,True,11,2,False,192.0,192.0,192.0,SPOKED,SPOKED,1,1,80.0,80.0,300.0,780.0,38.0,365.0,2
415.0,66.0,605.0,67.5,105.0,45.0,580.0,74.0,660.0,46.0,43.0,38.0,34.0,37.0,37.0,13.0,9.0,ALUMINIUM,38.0,48.0,42.0,0.0,0.0,0.0,0.0,False,False,135.0,1.2,1.1,1.2,1.1,1.1,1.1,1.2,674.0,55.0,674.0,55.0,1,2,False,1,1,69.0,48.0,0.0,33.0,False,True,False,False,True,12,2,False,190.0,190.0,190.0,SPOKED,SPOKED,1,1,80.0,80.0,295.0,760.0,40.0,370.0,1
440.0,75.0,635.0,66.0,130.0,45.0,565.0,72.5,645.0,50.0,44.0,37.0,33.0,38.0,36.0,13.0,9.0,ALUMINIUM,36.0,43.0,47.0,0.0,0.0,0.0,0.0,False,False,135.0,1.0,1.2,1.3,1.1,1.0,1.0,1.2,674.0,53.0,674.0,53.0,1,1,False,1,2,72.0,54.0,0.0,34.0,False,True,False,False,True,10,3,False,192.0,192.0,192.0,SPOKED,SPOKED,1,1,80.0,80.0,285.0,740.0,36.0,345.0,1
400.0,65.0,590.0,68.0,100.0,45.0,580.0,74.0,660.0,48.0,40.0,33.0,30.0,37.0,37.0,13.0,9.0,ALUMINIUM,28.0,40.0,45.0,0.0,0.0,0.0,0.0,False,False,135.0,1.0,1.1,1.2,1.1,1.0,1.0,1.1,674.0,48.0,674.0,48.0,1,2,False,1,1,68.0,45.0,0.0,32.0,False,True,False,False,True,11,2,False,192.0,192.0,192.0,SPOKED,SPOKED,1,1,80.0,80.0,300.0,800.0,35.0,360.0,1
435.0,72.0,625.0,67.0,125.0,45.0,590.0,73.0,638.0,47.0,42.0,36.0,34.0,37.0,36.0,13.0,9.0,ALUMINIUM,34.0,46.0,46.0,0.0,0.0,0.0,0.0,False,False,135.0,1.1,1.1,1.3,1.1,1.1,1.0,1.2,674.0,60.0,674.0,60.0,1,1,False,1,2,70.0,53.0,0.0,33.0,False,True,False,False,True,12,2,False,192.0,192.0,192.0,SPOKED,SPOKED,1,1,80.0,80.0,290.0,770.0,37.0,370.0,1
410.0,69.0,600.0,69.5,108.0,45.0,550.0,74.5,648.0,46.0,41.0,35.0,31.0,36.0,35.0,13.0,9.0,ALUMINIUM,31.0,44.0,44.0,0.0,0.0,0.0,0.0,False,False,135.0,1.0,1.1,1.2,1.1,1.0,1.0,1.1,674.0,54.0,674.0,54.0,1,2,False,1,1,69.0,49.0,0.0,34.0,False,True,False,False,True,10,1,False,180.0,180.0,180.0,SPOKED,SPOKED,1,1,80.0,80.0,305.0,760.0,34.0,355.0,1
445.0,73.0,640.0,66.5,135.0,45.0,600.0,72.0,635.0,49.0,45.0,38.0,33.0,38.0,37.0,13.0,9.0,ALUMINIUM,40.0,50.0,45.0,0.0,0.0,0.0,0.0,False,False,135.0,1.2,1.3,1.3,1.2,1.1,1.1,1.3,674.0,56.0,674.0,56.0,1,1,False,1,2,73.0,57.0,0.0,35.0,False,True,False,False,True,11,3,False,192.0,192.0,192.0,SPOKED,SPOKED,1,1,80.0,80.0,315.0,800.0,39.0,380.0,2
405.0,68.0,610.0,68.0,118.0,45.0,555.0,73.0,642.0,47.0,42.0,36.0,32.0,36.0,35.0,13.0,9.0,ALUMINIUM,33.0,41.0,41.0,0.0,0.0,0.0,0.0,False,False,135.0,1.1,1.2,1.2,1.1,1.1,1.0,1.2,674.0,51.0,674.0,51.0,1,2,False,1,1,70.0,50.0,0.0,32.0,False,True,False,False,True,12,2,False,190.0,190.0,190.0,SPOKED,SPOKED,1,1,80.0,80.0,285.0,770.0,36.0,365.0,1
430.0,70.0,600.0,70.0,130.0,45.0,450.0,75.0,660.0,55.0,45.0,32.0,40.0,30.0,28.0,15.0,15.0,ALUMINIUM,35.0,50.0,40.0,0.0,0.0,0.0,0.0,False,False,135.0,2.0,1.0,1.0,1.0,1.0,1.0,1.0,680.0,50.0,680.0,50.0,1,1,False,1,1,73.0,47.0,0.0,31.8,False,False,False,False,True,11,1,False,192.0,192.0,192.0,SPOKED,SPOKED,0,0,0.0,0.0,280.0,720.0,40.0,300.0,1
440.0,65.0,610.0,69.0,140.0,45.0,480.0,75.0,670.0,55.0,45.0,32.0,40.0,30.0,28.0,15.0,15.0,ALUMINIUM,38.0,48.0,42.0,0.0,0.0,0.0,0.0,False,False,135.0,2.0,1.0,1.0,1.0,1.0,1.0,1.0,680.0,50.0,680.0,50.0,1,1,False,1,1,73.0,47.0,0.0,31.8,False,False,False,False,True,12,1,False,192.0,192.0,192.0,SPOKED,SPOKED,0,0,0.0,0.0,280.0,720.0,40.0,300.0,1
430.0,70.0,620.0,70.0,135.0,45.0,460.0,74.0,665.0,56.0,45.0,32.0,40.0,30.0,28.0,15.0,15.0,ALUMINIUM,36.0,52.0,39.0,0.0,0.0,0.0,0.0,False,False,135.0,2.0,1.0,1.0,1.0,1.0,1.0,1.0,680.0,50.0,680.0,50.0,1,1,False,1,1,73.0,47.0,0.0,31.8,False,False,False,False,True,11,2,False,192.0,192.0,192.0,SPOKED,SPOKED,0,0,0.0,0.0,280.0,720.0,40.0,300.0,1
450.0,68.0,630.0,71.0,125.0,45.0,470.0,75.0,680.0,55.0,45.0,32.0,40.0,30.0,28.0,15.0,15.0,ALUMINIUM,34.0,50.0,41.0,0.0,0.0,0.0,0.0,False,False,135.0,2.0,1.0,1.0,1.0,1.0,1.0,1.0,680.0,50.0,680.0,50.0,1,1,False,1,1,73.0,47.0,0.0,31.8,False,False,False,False,True,10,1,False,192.0,192.0,192.0,SPOKED,SPOKED,0,0,0.0,0.0,280.0,720.0,40.0,300.0,1
420.0,63.0,590.0,68.0,120.0,45.0,455.0,74.0,655.0,55.0,45.0,32.0,40.0,30.0,28.0,15.0,15.0,ALUMINIUM,32.0,45.0,38.0,0.0,0.0,0.0,0.0,False,False,135.0,2.0,1.0,1.0,1.0,1.0,1.0,1.0,680.0,50.0,680.0,50.0,1,1,False,1,1,73.0,47.0,0.0,31.8,False,False,False,False,True,11,1,False,192.0,192.0,192.0,SPOKED,SPOKED,0,0,0.0,0.0,280.0,720.0,40.0,300.0,1
435.0,66.0,605.0,72.0,130.0,45.0,465.0,75.0,675.0,55.0,45.0,32.0,40.0,30.0,28.0,15.0,15.0,ALUMINIUM,35.0,47.0,40.0,0.0,0.0,0.0,0.0,False,False,135.0,2.0,1.0,1.0,1.0,1.0,1.0,1.0,680.0,50.0,680.0,50.0,1,1,False,1,1,73.0,47.0,0.0,31.8,False,False,False,False,True,12,2,False,192.0,192.0,192.0,SPOKED,SPOKED,0,0,0.0,0.0,280.0,720.0,40.0,300.0,1
425.0,64.0,595.0,70.0,150.0,45.0,475.0,74.0,660.0,55.0,45.0,32.0,40.0,30.0,28.0,15.0,15.0,ALUMINIUM,37.0,49.0,43.0,0.0,0.0,0.0,0.0,False,False,135.0,2.0,1.0,1.0,1.0,1.0,1.0,1.0,680.0,50.0,680.0,50.0,1,1,False,1,1,73.0,47.0,0.0,31.8,False,False,False,False,True,11,1,False,192.0,192.0,192.0,SPOKED,SPOKED,0,0,0.0,0.0,280.0,720.0,40.0,300.0,1
440.0,67.0,615.0,69.5,145.0,45.0,490.0,75.0,690.0,56.0,45.0,32.0,40.0,30.0,28.0,15.0,15.0,ALUMINIUM,39.0,46.0,44.0,0.0,0.0,0.0,0.0,False,False,135.0,2.0,1.0,1.0,1.0,1.0,1.0,1.0,680.0,50.0,680.0,50.0,1,1,False,1,1,73.0,47.0,0.0,31.8,False,False,False,False,True,12,1,False,192.0,192.0,192.0,SPOKED,SPOKED,0,0,0.0,0.0,280.0,720.0,40.0,300.0,1
415.0,62.0,585.0,68.5,110.0,45.0,440.0,74.0,650.0,54.0,45.0,32.0,40.0,30.0,28.0,15.0,15.0,ALUMINIUM,31.0,44.0,37.0,0.0,0.0,0.0,0.0,False,False,135.0,2.0,1.0,1.0,1.0,1.0,1.0,1.0,680.0,50.0,680.0,50.0,1,1,False,1,1,73.0,47.0,0.0,31.8,False,False,False,False,True,10,1,False,192.0,192.0,192.0,SPOKED,SPOKED,0,0,0.0,0.0,280.0,720.0,40.0,300.0,1
445.0,69.0,625.0,71.5,140.0,45.0,485.0,75.0,685.0,55.0,45.0,32.0,40.0,30.0,28.0,15.0,15.0,ALUMINIUM,33.0,51.0,42.0,0.0,0.0,0.0,0.0,False,False,135.0,2.0,1.0,1.0,1.0,1.0,1.0,1.0,680.0,50.0,680.0,50.0,1,1,False,1,1,73.0,47.0,0.0,31.8,False,False,False,False,True,11,1,False,192.0,192.0,192.0,SPOKED,SPOKED,0,0,0.0,0.0,280.0,720.0,40.0,300.0,1
440.0,60.0,610.0,66.0,110.0,50.0,520.0,73.0,700.0,52.0,40.0,30.0,40.0,30.0,25.0,15.0,20.0,ALUMINIUM,30.0,50.0,35.0,120.0,120.0,16.0,18.0,False,False,142.0,2.0,1.2,1.2,1.2,1.0,1.0,1.2,674.0,52.0,674.0,52.0,1,0,False,1,1,73.0,46.0,0.0,31.6,False,False,False,False,True,11,1,False,192.0,192.0,192.0,SPOKED,SPOKED,0,0,0.0,0.0,280.0,700.0,38.0,350.0,1
435.0,55.0,605.0,67.0,120.0,48.0,530.0,72.5,710.0,50.0,40.0,29.0,38.0,28.0,26.0,16.0,18.0,ALUMINIUM,28.0,55.0,32.0,130.0,125.0,17.0,18.0,True,False,142.0,2.0,1.1,1.2,1.1,1.0,0.9,1.1,636.0,52.0,636.0,52.0,1,1,False,1,1,73.0,44.0,0.0,31.6,True,False,True,False,True,12,1,False,192.0,192.0,192.0,SPOKED,SPOKED,0,0,0.0,0.0,285.0,720.0,36.0,360.0,1
450.0,65.0,620.0,65.5,100.0,55.0,500.0,74.0,690.0,53.0,40.0,32.0,42.0,32.0,22.0,14.0,22.0,ALUMINIUM,25.0,45.0,40.0,110.0,130.0,16.0,18.0,False,False,135.0,2.0,1.2,1.1,1.3,1.1,1.0,1.2,674.0,54.0,674.0,54.0,1,2,False,1,1,73.0,48.0,0.0,34.0,False,True,False,True,True,11,2,False,180.0,180.0,180.0,SPOKED,DISC,0,0,0.0,0.0,275.0,710.0,39.0,340.0,1
420.0,58.0,590.0,66.5,80.0,50.0,540.0,72.0,720.0,55.0,40.0,34.0,36.0,30.0,24.0,13.0,19.0,ALUMINIUM,32.0,52.0,38.0,125.0,128.0,16.0,18.0,False,False,142.0,2.0,1.3,1.3,1.2,1.1,1.1,1.3,636.0,48.0,636.0,48.0,1,0,False,1,1,73.0,50.0,0.0,30.0,False,False,True,True,True,10,1,False,200.0,200.0,200.0,DISC,SPOKED,0,0,0.0,0.0,290.0,730.0,40.0,365.0,1
430.0,62.0,615.0,65.0,115.0,60.0,560.0,73.5,680.0,54.0,40.0,33.0,37.0,29.0,27.0,17.0,18.0,ALUMINIUM,29.0,57.0,36.0,120.0,122.0,16.0,18.0,False,False,142.0,2.0,1.1,1.2,1.2,1.0,1.0,1.2,674.0,52.0,674.0,52.0,1,1,False,1,1,73.0,45.0,0.0,32.0,True,False,False,False,True,12,2,False,150.0,150.0,150.0,SPOKED,TRISPOKE,0,1,0.0,80.0,270.0,705.0,34.0,325.0,1
425.0,60.0,600.0,67.0,105.0,52.0,510.0,74.0,710.0,51.0,40.0,31.0,39.0,27.0,23.0,14.0,21.0,ALUMINIUM,31.0,53.0,34.0,128.0,126.0,16.0,18.0,False,True,135.0,2.0,1.2,1.0,1.2,1.1,1.1,1.2,636.0,52.0,636.0,52.0,1,2,False,1,1,73.0,47.0,0.0,33.0,False,True,False,True,True,11,1,False,180.0,185.0,190.0,SPOKED,SPOKED,0,0,0.0,0.0,290.0,695.0,37.0,345.0,1
445.0,57.0,630.0,64.5,95.0,49.0,525.0,73.0,695.0,54.0,40.0,30.0,41.0,31.0,24.0,16.0,20.0,ALUMINIUM,30.0,50.0,37.0,115.0,118.0,16.0,18.0,True,False,142.0,2.0,1.1,1.2,1.1,1.1,1.0,1.1,674.0,48.0,674.0,48.0,1,0,False,1,1,73.0,44.0,0.0,31.0,True,True,True,False,True,10,1,False,170.0,175.0,180.0,DISC,TRISPOKE,0,1,0.0,75.0,285.0,720.0,36.0,355.0,1
438.0,63.0,605.0,66.0,125.0,54.0,545.0,72.5,720.0,52.0,40.0,32.0,38.0,29.0,26.0,15.0,19.0,ALUMINIUM,35.0,60.0,33.0,130.0,132.0,16.0,18.0,False,False,135.0,2.0,1.0,1.2,1.0,1.2,1.1,1.2,636.0,50.0,636.0,50.0,1,1,False,1,1,73.0,48.0,0.0,32.0,False,False,False,False,True,12,1,False,160.0,160.0,160.0,SPOKED,SPOKED,0,0,0.0,0.0,275.0,710.0,39.0,365.0,1
432.0,59.0,618.0,65.5,98.0,53.0,515.0,73.5,705.0,53.0,40.0,33.0,40.0,30.0,25.0,14.0,20.0,ALUMINIUM,27.0,54.0,36.0,118.0,120.0,16.0,18.0,False,False,142.0,2.0,1.2,1.2,1.2,1.0,1.0,1.2,674.0,52.0,674.0,52.0,1,2,False,1,1,73.0,46.0,0.0,31.6,True,True,False,False,True,11,2,False,140.0,145.0,150.0,TRISPOKE,SPOKED,1,0,80.0,0.0,282.0,715.0,38.0,350.0,1
442.0,58.0,625.0,66.0,112.0,51.0,550.0,73.0,715.0,50.0,40.0,30.0,39.0,28.0,26.0,16.0,21.0,ALUMINIUM,29.0,58.0,35.0,122.0,124.0,16.0,18.0,False,False,135.0,2.0,1.1,1.2,1.2,1.0,1.0,1.2,636.0,52.0,636.0,52.0,1,1,False,1,1,73.0,47.0,0.0,32.0,False,False,True,True,True,12,1,False,155.0,155.0,155.0,SPOKED,TRISPOKE,0,1,0.0,80.0,288.0,725.0,37.0,360.0,1
420.0,60.0,625.0,67.0,120.0,45.0,520.0,72.0,650.0,45.0,40.0,28.6,34.9,25.4,25.4,15.0,15.0,ALUMINIUM,30.0,40.0,40.0,0.0,0.0,0.0,0.0,False,False,135.0,2.0,1.5,2.0,2.0,1.5,1.5,2.0,740.0,100.0,740.0,100.0,1,1,False,1,1,68.0,40.0,0.0,31.8,True,False,False,False,True,12,1,False,192.0,192.0,192.0,SPOKED,SPOKED,0,0,80.0,80.0,280.0,720.0,34.9,300.0,1
425.0,62.0,630.0,68.0,125.0,45.0,525.0,73.0,655.0,45.0,40.0,28.6,34.9,25.4,25.4,15.0,15.0,ALUMINIUM,30.0,40.0,40.0,0.0,0.0,0.0,0.0,False,False,135.0,2.0,1.5,2.0,2.0,1.5,1.5,2.0,740.0,105.0,740.0,105.0,1,1,False,1,1,68.0,40.0,0.0,31.8,True,False,False,False,True,12,1,False,190.0,190.0,190.0,SPOKED,SPOKED,0,0,80.0,80.0,282.0,725.0,34.9,305.0,1
430.0,63.0,620.0,69.0,130.0,45.0,530.0,74.0,660.0,45.0,40.0,28.6,34.9,25.4,25.4,15.0,15.0,ALUMINIUM,30.0,40.0,40.0,0.0,0.0,0.0,0.0,False,False,135.0,2.0,1.5,2.0,2.0,1.5,1.5,2.0,740.0,110.0,740.0,110.0,1,1,False,1,1,68.0,40.0,0.0,31.8,True,False,False,False,True,12,1,False,180.0,180.0,180.0,SPOKED,SPOKED,0,0,80.0,80.0,285.0,730.0,34.9,310.0,1
435.0,58.0,615.0,66.0,135.0,45.0,535.0,71.0,645.0,45.0,40.0,28.6,34.9,25.4,25.4,15.0,15.0,ALUMINIUM,30.0,40.0,40.0,0.0,0.0,0.0,0.0,False,False,135.0,2.0,1.5,2.0,2.0,1.5,1.5,2.0,740.0,95.0,740.0,95.0,1,1,False,1,1,68.0,40.0,0.0,31.8,True,False,False,False,True,12,1,False,200.0,200.0,200.0,SPOKED,SPOKED,0,0,80.0,80.0,278.0,715.0,34.9,295.0,1
440.0,60.0,640.0,70.0,140.0,45.0,540.0,70.0,670.0,45.0,40.0,28.6,34.9,25.4,25.4,15.0,15.0,ALUMINIUM,30.0,40.0,40.0,0.0,0.0,0.0,0.0,False,False,135.0,2.0,1.5,2.0,2.0,1.5,1.5,2.0,740.0,120.0,740.0,120.0,1,1,False,1,1,68.0,40.0,0.0,31.8,True,False,False,False,True,12,1,False,205.0,205.0,205.0,SPOKED,SPOKED,0,0,80.0,80.0,290.0,740.0,34.9,310.0,1
445.0,61.0,635.0,65.0,145.0,45.0,545.0,75.0,675.0,45.0,40.0,28.6,34.9,25.4,25.4,15.0,15.0,ALUMINIUM,30.0,40.0,40.0,0.0,0.0,0.0,0.0,False,False,135.0,2.0,1.5,2.0,2.0,1.5,1.5,2.0,740.0,115.0,740.0,115.0,1,1,False,1,1,68.0,40.0,0.0,31.8,True,False,False,False,True,12,1,False,180.0,180.0,180.0,SPOKED,SPOKED,0,0,80.0,80.0,282.0,735.0,34.9,308.0,1
450.0,59.0,645.0,71.0,150.0,45.0,550.0,76.0,680.0,45.0,40.0,28.6,34.9,25.4,25.4,15.0,15.0,ALUMINIUM,30.0,40.0,40.0,0.0,0.0,0.0,0.0,False,False,135.0,2.0,1.5,2.0,2.0,1.5,1.5,2.0,740.0,125.0,740.0,125.0,1,1,False,1,1,68.0,40.0,0.0,31.8,True,False,False,False,True,12,1,False,210.0,210.0,210.0,SPOKED,SPOKED,0,0,80.0,80.0,288.0,745.0,34.9,312.0,1
455.0,64.0,650.0,64.0,155.0,45.0,555.0,69.0,685.0,45.0,40.0,28.6,34.9,25.4,25.4,15.0,15.0,ALUMINIUM,30.0,40.0,40.0,0.0,0.0,0.0,0.0,False,False,135.0,2.0,1.5,2.0,2.0,1.5,1.5,2.0,740.0,130.0,740.0,130.0,1,1,False,1,1,68.0,40.0,0.0,31.8,True,False,False,False,True,12,1,False,170.0,170.0,170.0,SPOKED,SPOKED,0,0,80.0,80.0,286.0,750.0,34.9,315.0,1
460.0,65.0,655.0,72.0,160.0,45.0,560.0,68.0,690.0,45.0,40.0,28.6,34.9,25.4,25.4,15.0,15.0,ALUMINIUM,30.0,40.0,40.0,0.0,0.0,0.0,0.0,False,False,135.0,2.0,1.5,2.0,2.0,1.5,1.5,2.0,740.0,135.0,740.0,135.0,1,1,False,1,1,68.0,40.0,0.0,31.8,True,False,False,False,True,12,1,False,195.0,195.0,195.0,SPOKED,SPOKED,0,0,80.0,80.0,292.0,755.0,34.9,320.0,1
465.0,66.0,660.0,63.0,165.0,45.0,565.0,77.0,695.0,45.0,40.0,28.6,34.9,25.4,25.4,15.0,15.0,ALUMINIUM,30.0,40.0,40.0,0.0,0.0,0.0,0.0,False,False,135.0,2.0,1.5,2.0,2.0,1.5,1.5,2.0,740.0,140.0,740.0,140.0,1,1,False,1,1,68.0,40.0,0.0,31.8,True,False,False,False,True,12,1,False,185.0,185.0,185.0,SPOKED,SPOKED,0,0,80.0,80.0,284.0,760.0,34.9,325.0,1
440.0,65.0,620.0,68.0,100.0,45.0,550.0,74.0,650.0,50.0,45.0,32.0,38.0,30.0,20.0,14.0,18.0,ALUMINIUM,40.0,45.0,50.0,0.0,0.0,16.0,18.0,False,False,142.0,2.0,1.0,1.1,0.9,1.2,1.0,0.9,740.0,52.0,740.0,52.0,1,1,False,1,1,73.0,44.0,0.0,31.8,False,False,False,False,True,11,1,False,192.0,192.0,192.0,SPOKED,SPOKED,0,0,0.0,0.0,250.0,720.0,38.0,320.0,1
445.0,70.0,630.0,67.0,110.0,45.0,560.0,73.0,660.0,48.0,45.0,33.0,40.0,28.0,22.0,14.0,20.0,ALUMINIUM,45.0,50.0,55.0,0.0,0.0,16.0,18.0,False,False,142.0,2.0,1.1,1.1,1.0,1.2,1.0,0.9,740.0,52.0,740.0,52.0,1,0,False,1,1,73.0,46.0,0.0,31.8,False,False,False,False,True,12,1,False,192.0,192.0,192.0,SPOKED,SPOKED,0,0,0.0,0.0,255.0,725.0,38.0,330.0,1
430.0,68.0,615.0,69.0,90.0,45.0,540.0,75.0,640.0,52.0,45.0,31.0,36.0,29.0,21.0,13.0,19.0,ALUMINIUM,35.0,40.0,45.0,0.0,0.0,16.0,18.0,False,False,142.0,2.0,1.0,1.1,0.9,1.2,1.0,0.9,740.0,52.0,740.0,52.0,1,2,False,1,1,73.0,45.0,0.0,31.8,False,False,False,False,True,10,2,False,192.0,192.0,192.0,SPOKED,SPOKED,0,0,0.0,0.0,260.0,710.0,36.0,310.0,1
460.0,60.0,640.0,67.5,130.0,45.0,580.0,72.5,670.0,47.0,45.0,34.0,39.0,31.0,23.0,15.0,17.0,ALUMINIUM,50.0,55.0,60.0,0.0,0.0,16.0,18.0,False,False,142.0,2.0,1.1,1.1,0.9,1.2,1.0,0.9,740.0,52.0,740.0,52.0,1,1,False,1,1,73.0,48.0,0.0,31.8,False,False,False,False,True,11,1,False,192.0,192.0,192.0,SPOKED,SPOKED,0,0,0.0,0.0,270.0,730.0,37.0,340.0,1
455.0,72.0,635.0,68.0,125.0,45.0,575.0,74.5,660.0,49.0,45.0,33.5,37.5,29.5,22.5,14.5,16.0,ALUMINIUM,48.0,53.0,58.0,0.0,0.0,16.0,18.0,False,False,135.0,2.0,1.0,1.1,0.9,1.2,1.0,0.9,740.0,52.0,740.0,52.0,1,2,False,1,1,73.0,47.0,0.0,31.8,False,False,False,False,True,12,1,False,192.0,192.0,192.0,SPOKED,SPOKED,0,0,0.0,0.0,265.0,715.0,37.5,325.0,1
435.0,68.0,610.0,69.0,95.0,45.0,545.0,75.0,645.0,51.0,45.0,32.5,36.5,28.5,21.5,13.5,17.5,ALUMINIUM,38.0,43.0,48.0,0.0,0.0,16.0,18.0,False,False,142.0,2.0,1.1,1.1,0.9,1.2,1.0,0.9,740.0,52.0,740.0,52.0,1,1,False,1,1,73.0,45.5,0.0,31.8,False,False,False,False,True,10,1,False,192.0,192.0,192.0,SPOKED,SPOKED,0,0,0.0,0.0,255.0,700.0,38.5,315.0,1
465.0,75.0,650.0,67.0,135.0,45.0,590.0,72.0,680.0,46.0,45.0,35.0,40.0,32.0,24.0,15.0,18.0,ALUMINIUM,52.0,57.0,62.0,0.0,0.0,16.0,18.0,False,False,135.0,2.0,1.0,1.1,0.9,1.2,1.0,0.9,740.0,52.0,740.0,52.0,1,2,False,1,1,73.0,49.0,0.0,31.8,False,False,False,False,True,11,2,False,192.0,192.0,192.0,SPOKED,SPOKED,0,0,0.0,0.0,275.0,735.0,36.5,335.0,1
425.0,70.0,605.0,69.5,85.0,45.0,530.0,75.5,630.0,53.0,45.0,31.5,36.0,27.5,20.0,12.5,19.5,ALUMINIUM,33.0,38.0,43.0,0.0,0.0,16.0,18.0,False,False,142.0,2.0,1.1,1.1,0.9,1.2,1.0,0.9,740.0,52.0,740.0,52.0,1,0,False,1,1,73.0,44.5,0.0,31.8,False,False,False,False,True,10,2,False,192.0,192.0,192.0,SPOKED,SPOKED,0,0,0.0,0.0,260.0,710.0,35.0,305.0,1
470.0,62.0,645.0,68.5,140.0,45.0,600.0,73.5,675.0,47.0,45.0,36.0,41.0,33.0,25.0,16.0,18.5,ALUMINIUM,55.0,60.0,65.0,0.0,0.0,16.0,18.0,False,False,135.0,2.0,1.0,1.1,0.9,1.2,1.0,0.9,740.0,52.0,740.0,52.0,1,1,False,1,1,73.0,50.0,0.0,31.8,False,False,False,False,True,12,1,False,192.0,192.0,192.0,SPOKED,SPOKED,0,0,0.0,0.0,280.0,740.0,40.0,345.0,1
455.0,65.0,620.0,68.0,105.0,45.0,555.0,74.0,655.0,49.0,45.0,32.0,38.0,30.0,22.0,14.0,18.0,ALUMINIUM,42.0,47.0,52.0,0.0,0.0,16.0,18.0,False,False,142.0,2.0,1.1,1.1,0.9,1.2,1.0,0.9,740.0,52.0,740.0,52.0,1,1,False,1,1,73.0,45.0,0.0,31.8,False,False,False,False,True,11,1,False,192.0,192.0,192.0,SPOKED,SPOKED,0,0,0.0,0.0,255.0,730.0,38.0,325.0,1
450.0,50.0,600.0,67.0,140.0,45.0,520.0,75.0,650.0,45.0,45.0,38.0,34.9,36.5,28.5,15.0,15.0,ALUMINIUM,30.0,50.0,35.0,330.0,350.0,16.0,18.0,False,False,148.0,2.0,0.9,1.1,0.9,1.2,1.0,0.9,700.0,52.0,700.0,52.0,1,0,False,1,1,73.0,45.0,0.0,31.8,False,False,False,False,True,11,1,False,192.0,192.0,192.0,SPOKED,SPOKED,1,1,80.0,80.0,278.0,700.0,34.9,300.0,1
460.0,55.0,610.0,68.0,150.0,50.0,530.0,74.0,660.0,50.0,45.0,38.0,34.9,36.5,28.5,15.0,15.0,ALUMINIUM,35.0,55.0,40.0,330.0,350.0,16.0,18.0,False,False,148.0,2.0,0.9,1.1,0.9,1.2,1.0,0.9,700.0,52.0,700.0,52.0,1,1,False,1,1,73.0,45.0,0.0,31.8,False,False,False,False,True,10,2,False,192.0,192.0,192.0,SPOKED,SPOKED,1,1,80.0,80.0,278.0,700.0,34.9,300.0,2
455.0,52.0,605.0,66.0,135.0,42.0,515.0,76.0,645.0,43.0,45.0,38.0,34.9,36.5,28.5,15.0,15.0,ALUMINIUM,28.0,48.0,33.0,330.0,350.0,16.0,18.0,False,False,148.0,2.0,0.9,1.1,0.9,1.2,1.0,0.9,700.0,52.0,700.0,52.0,1,0,False,1,1,73.0,45.0,0.0,31.8,False,False,False,False,True,12,1,False,192.0,192.0,192.0,SPOKED,SPOKED,1,1,80.0,80.0,278.0,700.0,34.9,300.0,1
470.0,60.0,620.0,67.5,145.0,48.0,540.0,75.5,670.0,48.0,45.0,38.0,34.9,36.5,28.5,15.0,15.0,ALUMINIUM,32.0,52.0,37.0,330.0,350.0,16.0,18.0,False,False,148.0,2.0,0.9,1.1,0.9,1.2,1.0,0.9,700.0,52.0,700.0,52.0,1,2,False,1,1,73.0,45.0,0.0,31.8,False,False,False,False,True,11,2,False,192.0,192.0,192.0,SPOKED,SPOKED,1,1,80.0,80.0,278.0,700.0,34.9,300.0,2
440.0,45.0,590.0,69.0,130.0,44.0,510.0,74.5,630.0,42.0,45.0,38.0,34.9,36.5,28.5,15.0,15.0,ALUMINIUM,27.0,47.0,32.0,330.0,350.0,16.0,18.0,False,False,148.0,2.0,0.9,1.1,0.9,1.2,1.0,0.9,700.0,52.0,700.0,52.0,1,1,False,1,1,73.0,45.0,0.0,31.8,False,False,False,False,True,9,1,False,192.0,192.0,192.0,SPOKED,SPOKED,1,1,80.0,80.0,278.0,700.0,34.9,300.0,1
480.0,65.0,630.0,66.5,155.0,52.0,550.0,75.0,680.0,52.0,45.0,38.0,34.9,36.5,28.5,15.0,15.0,ALUMINIUM,37.0,57.0,42.0,330.0,350.0,16.0,18.0,False,False,148.0,2.0,0.9,1.1,0.9,1.2,1.0,0.9,700.0,52.0,700.0,52.0,1,2,False,1,1,73.0,45.0,0.0,31.8,False,False,False,False,True,11,1,False,192.0,192.0,192.0,SPOKED,SPOKED,1,1,80.0,80.0,278.0,700.0,34.9,300.0,2
445.0,53.0,600.0,68.5,142.0,46.0,525.0,75.2,658.0,47.0,45.0,38.0,34.9,36.5,28.5,15.0,15.0,ALUMINIUM,34.0,51.0,39.0,330.0,350.0,16.0,18.0,False,False,148.0,2.0,0.9,1.1,0.9,1.2,1.0,0.9,700.0,52.0,700.0,52.0,1,0,False,1,1,73.0,45.0,0.0,31.8,False,False,False,False,True,10,2,False,192.0,192.0,192.0,SPOKED,SPOKED,1,1,80.0,80.0,278.0,700.0,34.9,300.0,1
460.0,58.0,615.0,67.8,148.0,49.0,535.0,74.8,665.0,49.0,45.0,38.0,34.9,36.5,28.5,15.0,15.0,ALUMINIUM,36.0,56.0,41.0,330.0,350.0,16.0,18.0,False,False,148.0,2.0,0.9,1.1,0.9,1.2,1.0,0.9,700.0,52.0,700.0,52.0,1,1,False,1,1,73.0,45.0,0.0,31.8,False,False,False,False,True,12,1,False,192.0,192.0,192.0,SPOKED,SPOKED,1,1,80.0,80.0,278.0,700.0,34.9,300.0,2
435.0,50.0,595.0,69.5,125.0,43.0,505.0,74.0,638.0,41.0,45.0,38.0,34.9,36.5,28.5,15.0,15.0,ALUMINIUM,26.0,46.0,31.0,330.0,350.0,16.0,18.0,False,False,148.0,2.0,0.9,1.1,0.9,1.2,1.0,0.9,700.0,52.0,700.0,52.0,1,1,False,1,1,73.0,45.0,0.0,31.8,False,False,False,False,True,9,2,False,192.0,192.0,192.0,SPOKED,SPOKED,1,1,80.0,80.0,278.0,700.0,34.9,300.0,1
209.0,47.0,580.0,70.0,120.0,40.0,495.0,74.5,620.0,40.0,45.0,38.0,34.9,36.5,28.5,15.0,15.0,ALUMINIUM,25.0,45.0,30.0,330.0,350.0,16.0,18.0,False,False,148.0,2.0,0.9,1.1,0.9,1.2,1.0,0.9,700.0,52.0,700.0,52.0,1,0,False,1,1,73.0,45.0,0.0,31.8,False,False,False,False,True,10,1,False,192.0,192.0,192.0,SPOKED,SPOKED,1,1,80.0,80.0,278.0,700.0,34.9,300.0,2
430.0,65.0,610.0,66.0,140.0,45.0,540.0,74.0,650.0,45.0,45.0,35.0,40.0,30.0,25.0,15.0,15.0,ALUMINIUM,25.0,50.0,30.0,0.0,0.0,0.0,0.0,False,False,135.0,2.0,1.0,1.2,1.1,0.9,0.9,1.0,630.0,50.0,630.0,50.0,1,1,False,1,1,70.0,34.0,0.0,34.0,True,True,False,False,True,10,1,False,192.0,192.0,192.0,SPOKED,SPOKED,0,0,0.0,0.0,270.0,680.0,26.0,300.0,1
435.0,67.0,600.0,65.5,130.0,47.0,530.0,75.0,645.0,50.0,46.0,36.0,41.0,31.0,26.0,16.0,14.0,ALUMINIUM,30.0,48.0,28.0,0.0,0.0,0.0,0.0,False,False,142.0,2.0,1.1,1.2,1.0,0.9,0.8,1.1,630.0,45.0,630.0,45.0,1,1,False,1,1,70.0,34.0,0.0,34.0,True,False,False,False,True,11,1,False,200.0,200.0,200.0,SPOKED,SPOKED,0,0,0.0,0.0,270.0,680.0,26.0,300.0,1
425.0,63.0,620.0,67.0,150.0,45.0,550.0,73.0,655.0,44.0,44.0,34.0,39.0,29.0,24.0,14.0,16.0,ALUMINIUM,20.0,52.0,32.0,0.0,0.0,0.0,0.0,False,False,130.0,1.8,1.0,1.1,1.2,1.0,0.9,1.1,610.0,55.0,610.0,55.0,1,1,False,1,1,70.0,34.0,0.0,34.0,True,True,False,False,True,9,2,True,180.0,180.0,180.0,SPOKED,SPOKED,0,0,0.0,0.0,270.0,680.0,26.0,300.0,1
440.0,66.0,615.0,66.5,145.0,45.0,545.0,74.5,648.0,46.0,46.0,35.0,42.0,32.0,27.0,15.5,15.5,ALUMINIUM,25.0,49.0,29.0,0.0,0.0,0.0,0.0,False,False,135.0,2.0,1.2,1.1,1.0,0.9,0.8,1.0,625.0,60.0,625.0,60.0,1,1,False,1,1,70.0,34.0,0.0,34.0,True,True,False,False,True,12,1,False,210.0,210.0,210.0,SPOKED,SPOKED,0,0,0.0,0.0,270.0,680.0,26.0,300.0,1
450.0,68.0,590.0,65.0,120.0,45.0,520.0,76.0,640.0,47.0,47.0,37.0,43.0,33.0,28.0,17.0,17.0,ALUMINIUM,28.0,45.0,31.0,0.0,0.0,0.0,0.0,False,False,138.0,2.0,1.0,1.2,1.1,1.0,0.9,1.0,630.0,50.0,630.0,50.0,1,1,False,1,1,70.0,34.0,0.0,34.0,True,False,False,False,True,10,2,False,198.0,198.0,198.0,SPOKED,SPOKED,0,0,0.0,0.0,270.0,680.0,26.0,300.0,1
420.0,64.0,630.0,67.5,155.0,45.0,560.0,73.5,660.0,48.0,44.0,36.0,40.0,31.0,26.0,16.0,15.0,ALUMINIUM,30.0,53.0,35.0,0.0,0.0,0.0,0.0,False,False,142.0,2.0,1.1,1.0,1.2,0.9,0.8,1.1,635.0,45.0,635.0,45.0,1,1,False,1,1,70.0,34.0,0.0,34.0,True,True,False,False,True,9,1,True,205.0,205.0,205.0,SPOKED,SPOKED,0,0,0.0,0.0,270.0,680.0,26.0,300.0,1
435.0,69.0,605.0,66.2,135.0,45.0,555.0,75.5,652.0,43.0,45.0,35.0,41.0,30.0,25.0,14.5,14.5,ALUMINIUM,22.0,50.0,28.0,0.0,0.0,0.0,0.0,False,False,139.0,2.0,1.2,1.1,1.0,1.0,0.9,1.0,630.0,50.0,630.0,50.0,1,1,False,1,1,70.0,34.0,0.0,34.0,True,False,False,False,True,8,1,False,190.0,190.0,190.0,SPOKED,SPOKED,0,0,0.0,0.0,270.0,680.0,26.0,300.0,1
445.0,61.0,585.0,65.8,125.0,45.0,535.0,74.8,642.0,46.0,46.0,36.0,43.0,32.0,27.0,15.2,15.2,ALUMINIUM,27.0,47.0,29.0,0.0,0.0,0.0,0.0,False,False,136.0,2.0,1.1,1.0,1.2,0.9,0.8,1.0,625.0,55.0,625.0,55.0,1,1,False,1,1,70.0,34.0,0.0,34.0,True,True,False,False,True,11,2,False,200.0,200.0,200.0,SPOKED,SPOKED,0,0,0.0,0.0,270.0,680.0,26.0,300.0,1
432.0,62.0,625.0,67.0,148.0,45.0,558.0,73.2,658.0,44.0,45.0,34.0,40.0,31.0,26.0,16.5,16.5,ALUMINIUM,26.0,52.0,33.0,0.0,0.0,0.0,0.0,False,False,140.0,2.0,1.0,1.2,1.0,0.9,0.9,1.1,630.0,50.0,630.0,50.0,1,1,False,1,1,70.0,34.0,0.0,34.0,True,False,False,False,True,10,1,True,195.0,195.0,195.0,SPOKED,SPOKED,0,0,0.0,0.0,270.0,680.0,26.0,300.0,1
428.0,66.0,595.0,66.8,138.0,45.0,548.0,74.2,645.0,45.0,45.0,35.0,42.0,32.0,27.0,15.0,15.0,ALUMINIUM,24.0,49.0,30.0,0.0,0.0,0.0,0.0,False,False,137.0,2.0,1.2,1.1,1.1,0.9,0.8,1.0,630.0,50.0,630.0,50.0,1,1,False,1,1,70.0,34.0,0.0,34.0,True,False,False,False,True,9,2,False,205.0,205.0,205.0,SPOKED,SPOKED,0,0,0.0,0.0,270.0,680.0,26.0,300.0,1
430.0,30.0,610.0,67.0,100.0,45.0,520.0,73.0,610.0,50.0,40.0,32.0,38.0,25.0,25.0,15.0,15.0,ALUMINIUM,35.0,45.0,40.0,330.0,350.0,16.0,18.0,True,True,142.0,2.0,1.0,1.2,1.1,1.0,1.0,1.2,716.0,47.0,716.0,47.0,1,0,False,1,1,68.0,34.0,0.0,34.0,False,False,False,False,True,11,1,False,192.0,192.0,192.0,SPOKED,SPOKED,0,0,0.0,0.0,275.0,700.0,38.0,350.0,1
425.0,30.0,605.0,67.5,105.0,45.0,525.0,74.0,615.0,52.0,40.0,34.0,36.0,26.0,25.0,15.0,15.0,ALUMINIUM,37.0,46.0,42.0,330.0,350.0,16.0,18.0,True,True,142.0,2.0,1.1,1.25,1.15,1.0,1.05,1.3,716.0,47.0,716.0,47.0,1,0,False,1,1,68.0,35.0,0.0,35.0,False,False,False,False,True,12,1,False,192.0,192.0,192.0,SPOKED,SPOKED,0,0,0.0,0.0,280.0,710.0,37.0,360.0,1
440.0,35.0,600.0,66.5,110.0,45.0,530.0,73.5,620.0,48.0,40.0,33.0,37.0,25.0,26.0,16.0,16.0,ALUMINIUM,34.0,44.0,41.0,332.0,348.0,16.0,18.0,True,True,142.0,2.0,1.0,1.2,1.1,1.0,1.0,1.2,700.0,45.0,700.0,45.0,1,1,False,1,1,67.0,34.0,0.0,34.0,True,False,False,False,True,11,2,True,192.0,192.0,192.0,SPOKED,SPOKED,0,0,0.0,0.0,270.0,710.0,39.0,370.0,1
435.5,32.0,615.0,67.0,98.0,45.0,515.0,72.0,605.0,50.0,40.0,32.0,36.0,26.0,25.0,14.0,15.0,ALUMINIUM,36.0,47.0,40.0,330.0,350.0,16.0,18.0,True,True,142.0,2.0,1.0,1.2,1.1,1.0,1.0,1.2,716.0,47.0,716.0,47.0,1,0,False,1,1,68.0,34.0,0.0,35.0,True,True,False,False,True,11,1,False,192.0,192.0,192.0,SPOKED,SPOKED,0,0,0.0,0.0,280.0,700.0,38.0,360.0,1
445.0,28.0,600.0,68.0,100.0,45.0,530.0,74.0,620.0,55.0,40.0,33.0,38.0,25.0,27.0,15.0,14.0,ALUMINIUM,35.0,45.0,39.0,335.0,355.0,16.0,18.0,False,False,142.0,2.0,1.2,1.1,1.1,1.0,1.0,1.3,720.0,48.0,720.0,48.0,1,0,False,1,1,68.0,36.0,0.0,36.0,False,True,False,False,True,12,2,True,192.0,192.0,192.0,SPOKED,SPOKED,0,0,0.0,0.0,285.0,705.0,40.0,365.0,1
430.0,35.0,620.0,66.0,95.0,45.0,520.0,75.0,610.0,50.0,40.0,30.0,36.0,26.0,26.0,15.0,15.0,ALUMINIUM,33.0,46.0,42.0,330.0,350.0,16.0,18.0,False,True,142.0,2.0,1.1,1.2,1.0,1.0,1.0,1.2,716.0,47.0,716.0,47.0,1,2,False,1,1,68.0,34.0,0.0,34.0,False,False,True,False,True,11,1,False,192.0,192.0,192.0,SPOKED,SPOKED,0,0,0.0,0.0,280.0,715.0,38.0,355.0,1
438.0,32.0,610.0,68.5,102.0,45.0,525.0,73.5,615.0,52.0,40.0,34.0,39.0,25.0,24.0,15.0,14.0,ALUMINIUM,38.0,44.0,41.0,332.0,352.0,16.0,18.0,True,False,142.0,2.0,1.1,1.2,1.1,1.0,1.0,1.2,718.0,47.0,718.0,47.0,1,1,False,1,1,67.0,35.0,0.0,35.0,True,False,False,True,True,10,1,True,192.0,192.0,192.0,SPOKED,SPOKED,0,0,0.0,0.0,275.0,705.0,39.0,350.0,1
442.0,30.0,615.0,67.0,108.0,45.0,515.0,74.5,620.0,50.0,40.0,32.0,37.0,26.0,25.0,15.0,15.0,ALUMINIUM,36.0,47.0,40.0,330.0,350.0,16.0,18.0,True,True,142.0,2.0,1.0,1.25,1.15,1.0,1.0,1.2,716.0,47.0,716.0,47.0,1,0,False,1,1,68.0,34.0,0.0,34.0,False,True,False,False,True,12,2,False,192.0,192.0,192.0,SPOKED,SPOKED,0,0,0.0,0.0,280.0,710.0,36.0,360.0,1
435.0,34.0,605.0,66.0,100.0,45.0,530.0,73.0,605.0,54.0,40.0,31.0,38.0,25.0,27.0,14.0,16.0,ALUMINIUM,35.0,46.0,42.0,332.0,352.0,16.0,18.0,False,False,142.0,2.0,1.1,1.2,1.1,1.0,1.0,1.2,718.0,47.0,718.0,47.0,1,2,False,1,1,70.0,36.0,0.0,36.0,True,True,True,True,True,11,1,True,192.0,192.0,192.0,SPOKED,SPOKED,0,0,0.0,0.0,275.0,700.0,37.0,355.0,1
440.0,30.0,620.0,67.0,105.0,45.0,520.0,74.0,620.0,53.0,40.0,33.0,36.0,24.0,26.0,15.0,15.0,ALUMINIUM,37.0,45.0,41.0,330.0,350.0,16.0,18.0,True,False,142.0,2.0,1.2,1.3,1.2,1.0,1.0,1.2,720.0,48.0,720.0,48.0,1,0,False,1,1,67.0,35.0,0.0,35.0,False,False,False,False,True,12,2,False,192.0,192.0,192.0,SPOKED,SPOKED,0,0,0.0,0.0,280.0,730.0,36.0,380.0,1
425.0,70.0,640.0,67.0,140.0,45.0,530.0,74.0,610.0,45.0,45.0,28.6,36.5,23.35,23.35,13.0,15.0,ALUMINIUM,35.0,45.0,45.0,0.0,0.0,0.0,0.0,False,False,142.0,2.0,0.9,1.1,0.9,1.2,1.0,0.9,674.0,52.0,674.0,52.0,1,1,False,1,1,73.0,45.0,0.0,31.8,True,True,False,False,True,11,1,False,192.0,192.0,192.0,SPOKED,SPOKED,1,1,80.0,80.0,278.0,300.0,26.8,300.0,1
430.0,68.0,645.0,66.5,135.0,45.0,525.0,74.5,605.0,45.0,45.0,28.6,36.5,23.35,23.35,13.0,15.0,ALUMINIUM,32.0,42.0,48.0,0.0,0.0,0.0,0.0,False,False,142.0,2.0,0.9,1.1,0.9,1.2,1.0,0.9,674.0,52.0,674.0,52.0,1,1,False,1,1,73.0,45.0,0.0,31.8,True,True,False,False,True,11,1,False,192.0,192.0,192.0,SPOKED,SPOKED,1,1,80.0,80.0,278.0,300.0,26.8,300.0,1
435.0,72.0,650.0,68.0,150.0,45.0,540.0,73.0,615.0,45.0,45.0,28.6,36.5,23.35,23.35,13.0,15.0,ALUMINIUM,38.0,48.0,50.0,0.0,0.0,0.0,0.0,False,False,142.0,2.0,0.9,1.1,0.9,1.2,1.0,0.9,674.0,52.0,674.0,52.0,1,1,False,1,1,73.0,45.0,0.0,31.8,True,True,False,False,True,11,1,False,192.0,192.0,192.0,SPOKED,SPOKED,1,1,80.0,80.0,278.0,300.0,26.8,300.0,1
420.0,70.0,635.0,67.5,130.0,45.0,550.0,73.5,620.0,45.0,45.0,28.6,36.5,23.35,23.35,13.0,15.0,ALUMINIUM,30.0,40.0,43.0,0.0,0.0,0.0,0.0,False,False,142.0,2.0,0.9,1.1,0.9,1.2,1.0,0.9,674.0,52.0,674.0,52.0,1,1,False,1,1,73.0,45.0,0.0,31.8,True,True,False,False,True,11,1,False,192.0,192.0,192.0,SPOKED,SPOKED,1,1,80.0,80.0,278.0,300.0,26.8,300.0,1
440.0,69.0,638.0,66.0,145.0,45.0,535.0,75.0,600.0,45.0,45.0,28.6,36.5,23.35,23.35,13.0,15.0,ALUMINIUM,37.0,47.0,46.0,0.0,0.0,0.0,0.0,False,False,142.0,2.0,0.9,1.1,0.9,1.2,1.0,0.9,674.0,52.0,674.0,52.0,1,1,False,1,1,73.0,45.0,0.0,31.8,True,True,False,False,True,11,1,False,192.0,192.0,192.0,SPOKED,SPOKED,1,1,80.0,80.0,278.0,300.0,26.8,300.0,1
428.0,71.0,642.0,67.2,138.0,45.0,528.0,74.2,612.0,45.0,45.0,28.6,36.5,23.35,23.35,13.0,15.0,ALUMINIUM,36.0,44.0,44.0,0.0,0.0,0.0,0.0,False,False,142.0,2.0,0.9,1.1,0.9,1.2,1.0,0.9,674.0,52.0,674.0,52.0,1,1,False,1,1,73.0,45.0,0.0,31.8,True,True,False,False,True,11,1,False,192.0,192.0,192.0,SPOKED,SPOKED,1,1,80.0,80.0,278.0,300.0,26.8,300.0,1
432.0,70.0,637.0,66.8,142.0,45.0,532.0,73.8,608.0,45.0,45.0,28.6,36.5,23.35,23.35,13.0,15.0,ALUMINIUM,34.0,43.0,47.0,0.0,0.0,0.0,0.0,False,False,142.0,2.0,0.9,1.1,0.9,1.2,1.0,0.9,674.0,52.0,674.0,52.0,1,1,False,1,1,73.0,45.0,0.0,31.8,True,True,False,False,True,11,1,False,192.0,192.0,192.0,SPOKED,SPOKED,1,1,80.0,80.0,278.0,300.0,26.8,300.0,1
438.0,67.0,655.0,67.7,148.0,45.0,545.0,73.3,618.0,45.0,45.0,28.6,36.5,23.35,23.35,13.0,15.0,ALUMINIUM,39.0,49.0,49.0,0.0,0.0,0.0,0.0,False,False,142.0,2.0,0.9,1.1,0.9,1.2,1.0,0.9,674.0,52.0,674.0,52.0,1,1,False,1,1,73.0,45.0,0.0,31.8,True,True,False,False,True,11,1,False,192.0,192.0,192.0,SPOKED,SPOKED,1,1,80.0,80.0,278.0,300.0,26.8,300.0,1
422.0,73.0,630.0,68.2,133.0,45.0,522.0,74.7,602.0,45.0,45.0,28.6,36.5,23.35,23.35,13.0,15.0,ALUMINIUM,31.0,41.0,42.0,0.0,0.0,0.0,0.0,False,False,142.0,2.0,0.9,1.1,0.9,1.2,1.0,0.9,674.0,52.0,674.0,52.0,1,1,False,1,1,73.0,45.0,0.0,31.8,True,True,False,False,True,11,1,False,192.0,192.0,192.0,SPOKED,SPOKED,1,1,80.0,80.0,278.0,300.0,26.8,300.0,1
436.0,66.0,648.0,67.9,147.0,45.0,538.0,73.6,617.0,45.0,45.0,28.6,36.5,23.35,23.35,13.0,15.0,ALUMINIUM,38.5,46.5,48.5,0.0,0.0,0.0,0.0,False,False,142.0,2.0,0.9,1.1,0.9,1.2,1.0,0.9,674.0,52.0,674.0,52.0,1,1,False,1,1,73.0,45.0,0.0,31.8,True,True,False,False,True,11,1,False,192.0,192.0,192.0,SPOKED,SPOKED,1,1,80.0,80.0,278.0,300.0,26.8,300.0,1
