,drag
1161,19.5084345
2355,18.6346654
1831,15.5038141
156,14.0799052
195,17.9371233
616,18.503235
2812,18.5801802
3069,18.8237175
2223,17.5668465
5,22.0663024
1128,18.4008245
2983,15.1193408
3488,17.7419154
3819,21.6922652
2543,20.8095982
3403,18.8518896
3411,17.969678
1397,18.412562
1742,19.9332433
369,19.3983957
104,13.8440354
982,19.7480546
1824,19.3225806
1362,19.8137071
1077,17.1223015
1101,20.7319708
3020,18.1781475
1367,18.5794557
2627,17.1425025
3175,16.2404819
3216,19.8858016
1009,14.8313221
939,20.5505354
3195,17.4345219
3541,19.2971446
2630,20.2706932
2531,20.7401104
1700,19.8127345
713,20.578336
3726,16.4912871
1261,18.9364743
2382,17.0395253
1687,22.8188708
1420,19.4549687
361,17.5786791
1358,21.2036985
2101,19.0715642
1332,19.087312
779,17.8011852
3404,19.0847945
796,18.3146994
1768,15.4967969
2888,17.8393852
3582,22.3951447
519,20.3994706
2724,18.109824
1804,16.9925573
351,22.437084
3225,13.8534325
3414,21.2273625
918,14.485805
3512,15.7863292
3980,19.6536041
3098,14.9140179
3886,22.1698894
57,17.7854286
3394,19.9671869
2792,20.0389056
2439,13.5161578
744,19.0142897
686,16.9552721
677,21.0403621
2981,16.1492734
1675,17.0196
725,20.5183677
1266,18.9293441
3088,18.4533474
1601,16.4331335
3545,16.2900469
3120,13.4774486
211,21.7490975
3579,20.7440362
3818,14.4712223
2488,20.9624261
2239,21.5673548
1861,21.4252949
3564,19.0945826
2678,17.8646862
3725,20.3708672
322,16.256708
1662,17.5607988
1495,16.9198972
1288,20.9099431
1923,19.5663474
2005,18.0786212
405,18.9328141
2294,17.346118
2310,18.366113
3957,19.6279939
1815,18.454536
3988,18.5753432
2515,17.8278888
1410,17.9817638
3850,18.0397737
3664,16.5459413
1501,14.5145262
338,16.5827229
483,19.5065414
3530,21.669478
3415,15.5062982
719,20.6474288
2108,17.8922417
138,20.1620526
50,19.1184886
305,20.3126887
2883,17.1055947
1127,19.8211314
1042,14.4403741
1259,16.0865609
3853,16.2550838
3311,17.0220814
1044,19.819368
3739,15.9147939
2545,16.2027746
3211,21.55735
376,15.5503327
1327,19.5131307
461,18.0200266
3578,23.1160237
1651,21.1897464
1013,16.4926186
3547,16.8281601
961,16.1336073
3876,19.3034413
1148,21.6730143
793,17.4082799
1710,18.3811494
548,18.5011317
2552,20.2440465
2947,18.4462635
245,16.0521387
628,17.3533396
422,14.9748278
330,18.7675706
1694,21.5593344
2734,20.0294134
1095,17.6404164
17,16.6938721
1386,20.0480429
1947,21.2075355
2104,16.948264
1869,20.4157401
2779,22.6827997
3370,16.6597579
2055,17.3504166
2270,20.6652393
1846,18.3186657
710,18.0504235
2583,18.3328056
2954,14.7918866
3524,21.3559111
1496,20.4381975
2521,15.2335845
1390,22.6436
2932,21.5814554
2566,22.2099561
493,19.6873718
2323,18.8322832
3347,15.8349642
3640,19.8777679
3434,15.0581659
2048,21.2549215
289,18.7295909
683,17.2271319
2265,15.4764949
3047,27.2124813
1311,21.335766
2533,19.6162441
1972,18.0871176
570,16.8173925
692,20.8124128
2972,18.2101106
175,14.8752164
981,18.1573613
1939,21.2497161
826,17.9550547
3357,15.18306
2396,12.4110905
2318,22.2951764
2986,21.9290157
3529,18.8999133
2201,21.8028148
1460,21.0535555
3478,22.5750681
3313,13.1982036
3890,18.6937305
3536,19.3360286
3668,15.5358233
576,17.9655049
1504,20.515345
678,20.1125215
2427,18.0758999
3574,19.2008847
1119,18.4023819
2931,16.1941643
2012,18.6221098
3842,18.6330498
23,20.2544819
864,21.6099727
674,18.204415
1436,15.7627263
2242,17.6900481
1854,16.3275203
1775,23.0608851
1341,19.2301346
2175,20.1389151
3147,14.8896054
3906,14.9768073
1526,15.1787893
427,19.8749077
764,22.959218
2993,20.720108
1955,19.0015786
3856,17.9736782
923,19.0726427
240,20.0142034
1248,20.7709383
670,17.3583736
2525,17.9813393
3038,16.7750781
3271,16.5298363
1023,16.7536869
728,16.8943277
1875,19.87441
1992,17.5000974
3241,18.0421994
3952,18.1500859
3798,15.8714576
259,20.4489267
1771,22.5644217
2226,21.2544454
3522,15.070964
2674,15.0993541
1368,15.8767165
3504,11.1001741
385,16.6122977
2447,17.5913717
3201,17.115912
3303,20.8834065
701,17.8664922
2,14.9544935
2030,18.198606
3989,18.7148308
3788,18.3671045
3118,15.7921815
3490,14.6684868
3111,15.8968782
2570,19.1749228
3162,19.1793346
1912,21.761409
3071,22.1733762
2401,22.2922472
1850,19.6081189
1535,19.9354268
1752,18.6984889
2905,20.6348026
1139,16.6552844
1839,13.830481
2743,18.3311404
179,19.4212613
1929,20.4535052
1757,19.2807086
3160,19.6692207
2549,15.1506086
109,20.3540188
687,22.8810467
3112,18.5539813
3442,16.0393724
999,17.5501148
488,20.9614934
3996,21.665211
3285,20.2381883
1122,21.504715
1794,15.8133308
589,20.9210358
3127,17.5048083
2575,17.8835773
3030,22.0909616
3275,16.2995792
3212,20.2897924
3284,20.048102
1052,18.1511459
3840,15.0647848
1115,17.5708587
1491,17.385755
2166,22.1947818
2094,17.7389102
2215,21.3920907
2762,18.5758193
3888,13.9105536
1271,18.2192279
880,20.1146606
2438,19.3719359
1533,19.7190211
3366,18.3419156
1780,16.9121793
76,21.3181499
1900,21.1033116
3352,14.5538626
3487,17.1874672
2161,22.2298019
1950,13.1692813
2945,22.2053745
3270,15.5648975
1239,18.4679184
3695,19.2480338
9,19.1865197
3476,15.668872
618,16.1387037
3542,14.3663751
2722,18.2864113
69,20.4211533
29,21.826188
3182,16.884834
3342,20.9602502
2087,18.9343286
3704,17.7871514
1965,18.7290986
2193,20.7225498
2886,19.992781
1432,17.0545687
2213,18.9463358
3278,21.5812081
1242,17.2965164
3385,14.9019959
158,19.170801
874,21.5380585
1393,20.6094832
1606,17.7495531
1256,18.0347442
3768,15.6502824
1762,20.5409749
2770,18.367335
3040,19.5448169
1652,17.5661893
349,14.3757563
1772,20.7062024
2594,18.549121
547,20.1869388
1936,19.9271849
1749,16.6656461
228,19.1518849
37,17.3036273
3436,20.3549456
3934,18.2109378
3009,18.6090704
3556,19.4771196
235,20.4496741
1525,19.8156819
2573,13.5566811
3697,18.1473598
137,17.6452426
3077,19.2887224
3992,22.9460667
353,17.801519
446,12.3709094
2448,19.7638278
2796,11.6431093
832,16.2722567
856,20.2299839
1669,19.7634566
1282,21.0608051
3371,21.0208084
3495,16.8578951
1014,19.5248483
2330,22.0532295
1277,15.9426335
1494,14.8707157
3976,21.5639563
1881,17.365091
3875,12.1812151
3223,21.2603671
3345,23.8650528
2370,17.0062071
1414,16.281962
2523,21.6680873
2505,18.2105686
53,15.269047
3775,20.0952315
3597,18.7943689
1422,22.8158536
791,18.0998892
3252,16.4696183
2452,15.8748414
3584,19.9579044
3627,22.7969376
3217,17.993934
3964,19.3526122
149,18.6224927
3412,19.0155406
3336,16.3765379
2540,20.6048737
332,17.8653326
852,18.4266651
1036,16.0723675
503,13.9004486
320,14.4637136
1991,20.2459584
3330,17.4647004
1003,15.432109
3528,17.476182
3852,20.409319
1151,15.2192245
3343,19.2671935
601,17.4911321
2978,17.8085836
98,13.8320422
3297,13.2691025
1559,14.6322401
40,20.9385747
3437,18.3084089
2194,18.8455891
113,18.3894439
934,18.3657264
454,20.3739491
1961,18.5612484
722,16.6091842
1108,18.1408635
1509,17.3080881
411,18.5298634
1270,19.9041449
2377,20.3233839
122,21.5474454
3629,16.4717569
2692,17.7934709
1836,21.6319272
1373,20.3360753
396,20.8067704
2971,19.9079666
1100,23.0040608
2585,18.8146004
1507,19.0325646
516,18.5349534
702,19.3399051
1865,17.7503009
3812,12.1381056
406,15.3126686
3872,21.6171416
652,18.9094279
2034,17.6305953
1330,20.9029721
1110,18.9047356
3966,22.0153879
2497,13.2308201
2980,18.3730478
1766,17.8150864
2241,22.9192402
529,22.3553855
3511,21.1712976
1505,15.2415079
2714,22.0837361
2871,18.6303071
2601,18.4736055
1451,17.2039353
3485,13.9911826
1621,19.9942469
1184,21.090285
2252,14.7769083
2151,20.4119704
3087,18.1323544
711,18.5483966
1784,20.7787391
3244,24.1431295
3939,17.4411811
564,17.5405743
3502,11.2109738
44,17.9435038
1319,21.5757725
2111,19.178067
1385,17.331404
3650,19.1051486
806,15.4071686
2128,21.3594329
3422,16.430728
1906,20.1328242
2994,16.5060454
1137,20.8236126
2696,13.8997225
425,18.1834595
1813,17.5926565
3266,15.4515368
1733,15.6102674
2946,13.0575094
2823,20.7013549
600,16.0294461
3831,21.4748384
2134,19.6399519
1038,17.8008642
783,22.1049179
1268,24.3292448
3655,21.2014246
1336,17.2058982
778,18.1649116
984,19.9616251
2815,12.4226814
3408,19.8942718
745,19.8345625
2655,14.081782
1763,21.6386467
2234,19.819455
1171,18.7133613
1571,18.6866398
1299,21.1316081
847,17.7734685
3652,12.3243877
3500,18.2162575
1328,21.4016828
1490,19.4090107
82,17.1385473
746,21.2336793
1989,20.0149472
2754,20.7003656
995,18.9438367
3428,16.4965062
141,15.3196718
862,21.2008676
3036,18.3005681
1318,12.6377262
2351,19.2492219
1603,14.0642121
507,15.252277
2976,13.2286109
3176,16.9897748
1462,15.5314507
1196,12.1196417
1931,19.6897922
121,20.4708946
3007,16.4027713
3857,18.1362148
2258,21.0935807
3462,20.8776184
2070,20.3362368
206,18.247826
1503,19.3414106
1770,17.7313785
3959,12.7117721
1324,17.232322
3238,19.1433062
3375,17.9202688
1615,17.9254416
3691,18.8129824
269,22.5540513
3893,20.9765515
3843,23.2401222
850,20.0483536
135,18.9711372
2716,15.6553897
849,22.5504995
3333,19.5189961
820,16.338861
886,19.4508865
2174,20.247561
414,20.9481767
2992,20.1852084
1431,15.1529336
1523,16.9578008
743,18.6932751
476,19.6778936
3748,20.5102981
456,19.373117
3322,18.9511799
762,13.9959872
988,25.2076571
2706,18.815998
789,17.7472255
3690,20.3768839
271,15.4782037
1895,16.5362946
2616,12.8843761
2613,19.5354368
1953,17.360817
3666,21.2526655
3593,19.7507689
672,21.303161
1540,21.0777101
655,18.4722351
3321,18.6637091
2677,16.0290738
1493,16.9620295
2559,17.501351
700,21.491651
3924,21.5481683
2331,20.6360986
590,23.5546327
3097,18.8739817
2702,17.3859043
314,19.8130675
119,20.402633
1916,15.8388927
1560,16.8521465
1948,19.4332352
1396,24.2412155
3851,18.8566212
1835,20.7757154
3786,20.9801808
1197,18.6933917
2372,16.4425213
942,18.9728879
3621,15.0565657
3081,13.2574792
1182,15.1369175
831,17.9785237
215,14.3555031
3513,16.0771479
392,18.355121
27,16.3965893
2408,19.7256882
752,17.8293062
478,21.3947185
1867,20.0586178
2741,16.3141178
3855,18.5563519
909,19.4409155
2019,20.9289296
3400,20.9954033
3228,20.2364649
619,23.4116605
1387,17.6321201
3407,13.2960262
2443,17.9070169
1761,17.042519
2240,19.6748839
1382,20.4123965
132,17.9901812
283,19.9992821
2275,20.8588978
563,21.0564999
1519,23.1045848
921,20.3715647
3145,14.8978247
969,21.0158932
1212,19.1018168
394,17.9576879
913,17.8996654
1670,20.3448748
3698,12.9006056
2016,19.2577117
2790,19.5886694
3005,18.3625948
723,17.8871468
2777,17.7770989
2650,20.3647663
3975,17.6400091
2189,16.1153117
1027,16.4949928
597,15.3839563
1338,21.0718721
3977,14.8265713
1061,16.0954699
1449,19.5479391
997,14.3120973
3515,18.488294
3164,22.6207806
3562,19.3270424
3328,16.4152674
3053,17.8756947
653,15.9475097
2102,16.0655713
1467,20.6930269
3759,19.3127017
3082,15.0622359
1564,18.4542112
3801,18.8943549
2429,13.9099526
667,18.4305944
3684,19.0519857
878,17.2642967
241,19.4118463
1255,19.1793935
340,16.1983816
2131,21.4770354
2560,19.3133757
1555,17.4217016
1798,17.6905257
3600,21.8784692
2568,14.2445039
2155,18.1485263
2666,17.5788899
1602,20.4257971
2892,18.3576076
518,20.1294444
2653,20.584006
2875,14.9131161
3581,13.8268194
766,17.8368054
3658,14.8466089
1168,20.823839
474,14.5067518
3588,20.3878439
906,13.0577946
2430,20.5745511
3552,15.7856885
3711,22.0274082
838,16.9667389
268,17.4333118
1049,18.1282104
1649,22.7021534
3427,16.6602309
2861,17.387584
107,16.7832746
2929,17.6898974
3656,20.1520218
1808,20.4530085
1081,20.1573926
574,20.3091565
731,21.3624511
3730,20.6244358
3575,17.7045941
238,19.0973873
2162,21.4941262
3981,20.7024958
2455,18.3736317
3537,18.6390805
1426,16.1287093
2285,14.7849314
3420,19.5464669
3717,11.4161333
1759,19.2459973
2216,18.0821593
2771,15.9027164
1739,19.583443
1476,18.9858056
1158,20.7999343
3044,21.781012
3523,17.9859429
912,14.4566465
204,19.3214774
190,14.0208999
487,18.0020996
2096,17.4595679
438,15.1461949
244,22.1357504
609,13.8706805
2703,24.9909915
3432,22.416469
2996,18.9407855
1183,13.8579907
2873,18.8313242
3802,17.5268328
2810,20.8653331
2000,17.7667573
108,19.0138249
1354,16.8743458
1079,16.7670848
1625,16.6825011
1997,21.8986987
1976,21.1228999
426,13.5289132
3772,14.694773
3803,13.3689498
3928,20.9754239
2374,19.6759287
2329,21.4111033
943,16.4687896
2807,14.0436621
3636,18.764563
1296,17.3406645
2669,19.4006981
3987,13.9252567
812,12.7649802
459,18.163238
1922,16.7481743
933,16.2252546
303,18.6964993
2667,16.7988029
1138,20.412353
676,22.812909
1550,18.0147493
2407,20.3849544
1717,20.1910468
144,17.8297046
1751,19.4123235
3418,20.0978969
1962,18.1211969
3631,16.3524616
41,19.1261926
3816,22.0119204
1549,23.4711567
1264,21.8448358
3682,18.4762166
2551,16.7541535
1642,18.7198123
2457,16.6802619
3675,20.5645463
2038,20.4665978
3938,15.8856886
2459,19.4658231
1958,20.5620452
2964,16.6074187
1811,18.6590521
1898,18.6434466
390,19.9577169
2473,17.5583014
1058,18.1916571
187,15.5287956
3982,13.6232223
251,18.6229362
535,21.6503941
357,17.1995671
278,24.862303
3776,18.9689212
1463,19.5174893
2970,20.417615
3509,19.2974481
3778,20.7192172
232,19.0670393
610,16.0736401
2612,17.5816426
3133,20.1241416
2819,20.0141982
328,16.6316907
937,18.4461414
781,20.1577353
2857,17.7468091
68,18.7188209
993,21.8072767
1190,21.3646669
3714,15.7425881
1224,19.4090302
1806,16.5133696
2866,14.3716766
2645,20.154981
2604,14.6928172
3935,17.8003284
2143,18.7061803
1886,21.0133899
2054,17.9467432
2436,16.6251883
2088,19.2698426
636,14.72534
1643,16.1026751
784,15.7094772
522,21.3728282
2769,19.1017065
3873,16.6950909
2478,19.7483176
3139,19.4229994
3838,20.5411209
1083,26.5871946
1017,21.6308061
1403,21.2913344
2204,17.5525336
2487,17.7437193
1374,18.8324325
1244,23.1824948
3830,17.5739148
145,17.2527751
8,17.428151
393,15.4468991
2764,21.5196375
80,20.0347396
162,17.2919217
3696,18.801487
2299,21.2159572
1106,16.9562931
1444,18.6093738
3102,21.5408616
359,13.7245172
1419,16.7727323
486,16.3832315
1187,14.8347359
13,20.9778088
1231,19.870942
3363,23.8032398
3458,21.4414407
379,17.2298767
2670,16.0561292
294,19.0393669
1610,18.5061704
2416,17.5367337
757,18.6932032
1063,14.4802874
2277,22.748053
3907,22.0818922
3267,22.3646025
1055,19.1249967
2715,17.9045004
2366,17.6264636
345,17.634808
966,21.1693773
2709,20.6251444
2759,16.0370824
59,17.4867001
2877,20.3262297
1573,18.1518065
2460,17.5051834
963,22.0758786
3514,19.5528999
1074,20.1146013
1785,17.5029944
3058,20.6078914
3594,22.0131918
2343,16.6243892
1673,15.7096237
3378,20.3884227
3941,22.6284297
3577,15.9753294
3535,15.9610877
440,20.8458941
2350,22.6860033
477,19.2622243
3461,23.5966273
3618,15.6812175
1117,16.2243877
715,15.3416354
2776,17.0614608
2385,15.8019432
2718,23.1522598
3978,17.1315028
3747,16.5053136
6,20.4470207
1529,16.4788293
1372,23.8276622
125,22.3799597
2896,15.1750472
2527,15.3374537
708,16.0688875
2475,21.927206
3423,16.1943496
391,24.3448662
2606,21.8156183
220,15.8881178
985,22.9515606
3051,19.3261938
1238,18.7171463
1041,20.4498643
58,21.2655805
568,14.4055981
2456,19.043682
813,18.5595064
3080,22.8167553
2529,18.1073595
703,19.5736438
3417,20.1401472
261,16.9144993
3003,13.5958859
1091,22.083712
2085,19.937286
1293,18.1872002
1977,17.382485
1173,17.7697647
3393,16.5509956
1136,17.4497218
1626,18.076201
717,18.2927099
1748,19.4403416
1025,12.3919164
384,15.9936901
1554,16.5558701
588,16.4965098
1902,22.5625103
1477,22.7582484
2106,18.1782842
3844,17.109379
3634,14.2989318
2772,15.5749169
1724,15.5076535
1927,16.4132245
2602,16.2123138
3883,17.1639189
855,18.3328267
1856,18.8488162
3086,19.217577
3721,17.8894891
1737,15.4459235
3899,22.0585309
3595,12.5154381
2255,18.5032016
1056,15.6815236
819,18.2023012
3354,22.7585656
3749,20.0413037
3784,18.0786465
2423,14.9744631
1693,18.6852913
455,12.7408719
52,18.7257829
1656,16.4643156
2530,17.6844597
20,23.8697502
1418,19.1062538
415,19.1462134
1852,21.3835824
194,19.1388597
1213,19.4237281
2564,20.258176
1086,20.4553658
3630,20.7737965
1217,17.5183552
1658,16.6487174
264,16.1791807
2465,24.6024074
2342,18.5471835
1454,16.185053
2075,14.6548498
3660,20.8495443
1633,21.1224309
2287,20.2166315
2494,19.5612721
3094,18.1587442
318,15.3873723
2688,11.9112397
3117,14.2928246
579,23.4411574
629,24.281805
3863,17.0593996
3793,23.419861
48,15.5864513
1756,17.3608775
2817,20.1962385
803,16.9166039
1952,21.6901653
1735,19.7836046
1957,20.6744714
223,17.9165893
585,20.4194871
3800,22.0350985
3157,17.8477527
360,18.8867751
1235,14.846375
1647,18.470365
3446,15.3687064
829,12.9002293
2845,16.436475
2600,19.8847346
3963,19.3105596
689,18.8724055
3733,16.6363208
1599,17.5510527
964,21.0890591
468,13.3324966
1315,14.7463182
2250,20.5089139
1147,20.8411885
1686,17.2837198
286,16.2733798
1222,19.096949
2680,18.4117812
1714,20.823849
2705,17.7769652
3016,20.6178434
1482,17.3543106
2183,18.2594429
3382,15.4803537
1230,20.6134619
97,18.0973528
1099,18.8854715
72,21.6183154
3464,17.7351531
3482,21.9691151
795,18.7414917
1767,20.6736479
3041,18.3609991
2060,16.5662619
285,18.2643543
557,15.9368734
3484,22.0249911
3806,13.8557046
1195,16.4273542
1829,19.2797935
3945,19.1804955
315,20.3142626
1604,19.3434871
1210,17.8569639
926,14.8903395
133,16.7190818
2010,18.1870865
3971,18.1073654
2062,20.1097441
2803,14.6180406
602,14.7923073
3566,18.313342
1103,19.2854011
1399,19.4930635
203,13.9939297
1592,17.1685333
3734,18.298531
949,20.9087034
3870,14.5972643
3756,22.7779346
996,18.2341759
2833,20.0198348
2484,14.4650656
1458,16.6052964
2100,18.1591695
11,24.1044237
1648,22.4516829
2123,12.4019375
344,20.0919921
1918,17.2858806
3879,15.4817206
2315,18.290456
442,20.1157754
1944,22.2831683
3014,14.6309138
157,15.2579117
2588,13.7156426
1636,16.168713
3258,27.6735934
505,13.8724596
1245,21.1043831
2110,19.3476831
2513,18.8286121
18,16.2715051
1765,18.662149
2561,13.9451568
200,18.6397604
2301,19.8060914
3797,23.115759
1452,19.5771767
2539,17.8339838
646,17.4131447
1959,22.9335848
1521,19.4344759
772,20.2698584
47,17.1445602
2373,16.0419036
3262,20.4261035
2464,20.5427449
3677,14.5751916
2592,15.6371455
1199,15.8661585
3898,16.76143
1485,21.4786733
1430,21.1678353
3438,17.1205894
1553,16.3638604
1773,19.8394047
2369,19.3300202
1001,25.0847187
2411,19.5329982
897,19.9487403
2917,18.1009817
1062,14.9558633
657,18.3181467
1637,18.3640372
2381,18.1507898
2124,19.6868427
3369,17.0487273
1045,16.9037657
3610,16.8832523
1252,21.3664379
3296,19.7787027
1010,18.6735291
2727,15.8816225
1627,16.4321078
413,18.6330509
2717,15.8774935
2700,22.7942038
254,16.7981053
2629,21.4177794
3095,18.3030413
2690,17.8135154
1260,18.6752106
684,16.0950226
300,23.1674024
1885,15.7010255
128,20.679172
3692,18.2776357
3018,18.7870233
1054,16.2845474
620,19.8092002
2765,16.6898969
1257,14.8259571
1105,18.8243288
846,19.2618744
3929,18.6238727
2697,19.9404287
1917,18.8463071
2232,18.0076892
2412,25.606874
3561,17.0960209
1334,16.4248553
386,17.0418726
651,15.9841555
3671,20.1155696
2794,23.6669711
3469,22.9255602
3021,20.7610637
805,14.7101105
1845,18.0312203
3178,19.058432
366,12.6300046
2840,24.803927
3074,16.063512
2699,21.4949842
2704,18.6057447
1301,18.9525125
3902,17.7597136
3701,22.3199995
2747,16.6169354
2788,18.4628376
1411,20.9398576
3752,15.3230927
2115,14.2440891
2640,16.702751
1263,19.5932353
2271,20.064907
458,17.6881268
1657,16.4373454
2948,16.3508081
1211,17.479448
1012,14.8935155
61,15.4253496
1240,20.2761154
3499,23.3082191
3674,18.206197
3101,15.8657546
2025,19.3673591
1030,17.9321672
3494,16.3299256
2737,16.3179395
87,22.4561822
3519,18.0635432
1857,17.1162609
3368,15.7354737
1569,20.1539685
1191,15.279705
1512,16.5865923
1709,16.2153488
272,19.3697413
354,20.2695053
1018,20.9364088
1620,14.0321074
2379,16.58232
3771,20.2256969
1543,21.6372216
2843,16.5534056
876,18.8370108
444,19.3081755
161,19.0359189
2631,19.5297611
249,16.8960423
3470,20.3461646
2033,17.0375099
980,17.7342161
884,19.1916142
2302,24.6032111
490,16.030826
2450,20.3112023
2348,19.5347891
1142,12.2744265
822,13.3240717
3031,24.4437243
665,13.8461309
3452,18.3992641
3327,20.2031912
139,17.0195792
2243,22.4544395
3335,17.1812242
250,15.7098208
342,17.3345978
2773,25.3668144
792,18.8352174
1000,16.6027404
441,21.1489946
1302,17.5771256
3540,16.6003421
3392,15.6293218
916,16.5090262
43,16.6433952
2235,22.5533098
3777,18.2429283
2074,18.5053663
270,19.2651607
2689,23.5921044
511,15.1924203
475,18.2160211
532,15.4743334
1323,20.8735746
893,21.916231
267,15.4595438
233,16.1028907
3104,16.1465672
3841,20.7368441
2064,19.2020762
287,19.5057999
733,14.7815647
512,18.4841982
810,16.0856073
2574,23.0182045
2535,16.9270903
3496,18.1146878
1679,16.1980482
815,17.9698926
828,20.2163904
3006,18.3847089
279,15.3186206
3549,18.0105642
2901,17.3601214
2420,19.8705345
3451,18.8467798
2079,19.3877429
3744,19.2568817
3847,18.5526936
3305,22.1725508
3066,21.4743698
3050,18.2628234
2506,15.1835711
3054,21.1201273
3410,17.6538269
3814,19.8411474
2824,16.1398489
309,20.1746524
1827,19.2654501
3358,17.7049674
2357,18.1973888
1981,18.121283
818,16.6589508
2434,18.0684889
1779,21.8486773
2142,19.8392582
3374,22.8432952
1539,20.906949
1758,17.9781003
1538,17.1894168
1165,16.8842218
892,22.8439134
970,17.0155904
2941,21.7214209
3135,19.9034492
1188,20.8307638
2943,13.138412
2332,16.0602727
3757,17.8803602
2816,18.098774
77,19.4104281
1417,17.9037681
262,18.4690119
198,21.6608706
721,19.5000008
2300,16.88581
2624,20.8322665
2519,16.2258336
3019,15.1062726
431,18.8755675
3245,17.0457201
2181,23.7496781
3583,16.8163133
3713,21.3388975
2719,19.1813703
106,22.8484664
2133,20.047571
1226,21.6325535
1039,15.1421794
513,20.5780964
1725,18.1662486
3688,20.334638
1678,18.3191232
3845,14.3311106
2836,19.3360623
633,20.1501344
2909,18.486238
1964,18.3286728
1339,17.6747312
2835,20.8884067
2580,21.9794441
301,16.3140859
3365,18.0255966
1817,20.1275623
2584,17.0248808
3391,20.0522061
310,20.3285204
1322,19.4910971
2720,17.3426278
3955,19.8872882
1588,20.4118482
1753,17.9482618
1096,17.7319732
904,17.6297283
642,16.6949106
3308,15.6879717
3059,19.5491036
3828,17.5838671
3222,18.1069364
593,13.6280946
2272,18.1117546
260,22.6687474
3839,16.9635032
3903,15.3337359
2308,17.944549
2346,18.1512773
2878,15.9967102
2781,20.310963
3943,21.3702036
1570,16.4207454
3247,16.8022406
1840,17.784582
3399,18.9053478
2001,18.7844533
2849,20.8047882
986,19.7706377
2082,21.9976306
2358,22.0655926
101,16.4146379
3144,18.4588346
2043,21.5810907
1486,19.930837
3324,20.3980896
946,14.3206665
1901,21.3058462
1258,19.623721
1683,16.4940298
2632,19.6676473
2158,18.6698288
1455,18.2355072
506,21.8048524
1453,19.1967686
3092,14.6215153
1205,18.6403769
2923,18.4000896
2109,21.0905556
1175,19.5892159
2644,17.6237645
3567,15.7030102
3209,16.4530434
2563,20.1347264
2795,16.9948155
147,19.2565773
2654,21.4513192
3405,19.869664
2073,20.8084494
1786,16.9362861
3673,20.0105831
2828,21.4218603
3492,22.560253
1145,17.5967995
2847,22.4582144
2190,17.2236242
312,21.120846
2672,15.0808662
3351,23.8190802
1192,13.1142036
2445,14.8586992
2950,21.3669081
3449,19.5295845
2014,19.5977396
2906,17.6938519
152,20.4254243
3032,13.4636112
1611,18.5266638
3042,22.9049665
3635,19.5555885
1639,17.7634692
2090,17.3380662
3483,18.1498115
2053,20.37767
55,17.7016706
2367,18.9369579
1677,18.1112071
987,19.0654297
1067,14.8872659
2890,18.6032074
3807,19.0536586
3910,16.2353037
1335,18.3105818
1665,18.6760315
255,23.2783766
1279,21.1372482
2147,20.7117089
1801,21.3634156
2713,19.3476623
915,18.1669011
3710,12.644324
2752,16.023466
335,17.2651629
551,18.017893
2114,20.4729685
1716,19.4710706
1942,18.0109636
3397,25.6537334
2029,14.9099004
718,18.3176027
2481,16.1194477
140,13.0723581
1880,15.8611116
1097,16.5796841
1029,17.8078497
3685,19.128284
583,20.0318638
1841,20.2507054
3909,18.9798952
930,16.3528985
2855,19.0636199
2415,20.3919319
1628,18.684587
102,17.0347407
1866,20.3789141
2306,18.5522885
1884,18.3524171
3283,21.2442743
3387,17.9531259
3894,19.2511207
2144,18.6238916
2233,21.2356688
208,18.8938082
1193,20.3834494
724,17.0229154
3732,13.05012
19,14.6577977
3868,13.7396711
54,18.319619
1859,20.0094365
2295,23.320425
1088,18.6418596
2865,14.2971242
3004,16.0319716
3433,16.1161681
2313,18.2656658
1537,18.0295207
2638,14.0404537
2751,16.2799663
750,15.8020238
2399,14.8361213
1126,20.9830511
2130,18.0245138
2170,20.1592995
3829,16.6058213
2466,16.8218832
2037,19.3543729
3758,25.0939587
1568,18.358639
2620,18.1542264
2409,14.3317273
3916,18.0111668
3034,14.6666909
2618,18.2733748
3568,20.5495714
1146,18.3467059
2262,22.0571037
3226,17.0799907
2518,15.6488638
38,22.3229597
3329,21.5480128
2736,22.071693
1076,23.6583649
2876,16.4509066
3736,14.9710654
339,15.2301127
1528,18.9933651
2668,19.4269187
2207,18.7957832
293,19.1156219
1676,16.6396656
3381,17.3272089
3994,13.8409442
2238,19.6370338
978,19.862575
2491,21.6830093
2657,15.8311587
2168,19.0396558
1661,19.8267084
2500,20.1663285
3263,17.002536
811,13.802613
479,17.8173747
2730,20.0638718
974,22.8899196
1295,20.0533781
726,18.1909137
1421,20.9709827
3119,15.3771246
3615,14.2806561
2868,20.0025948
1008,20.2949739
3493,15.3238829
1228,16.2077679
2658,17.7933818
434,15.4982359
2856,14.5008109
2267,18.4391908
2554,21.0061457
2320,19.9682042
2918,19.8937086
2113,17.4929476
2279,17.4006619
2316,18.8830437
2760,18.8577409
561,16.132384
3508,19.7744508
205,18.1998222
1682,20.3831945
3232,14.7524586
1516,16.7850286
3131,15.9270671
658,18.0226187
3766,16.9106449
2291,22.8604823
2526,12.5175077
89,22.0150246
644,16.283825
760,18.6365362
1050,17.9291398
2225,14.7574935
823,19.9874458
1234,18.0043675
1893,22.5434648
2809,17.1885132
1520,17.8910628
3100,13.0816418
3497,19.0303998
143,18.7020039
785,14.8839614
2050,19.239377
1864,20.3224703
2156,20.1648516
3306,19.2516916
2891,15.5913589
171,18.2879594
412,20.68454
3865,19.1296323
416,20.6214222
2485,20.3925171
1294,14.4641066
2808,20.666206
3984,20.5033841
364,15.7081464
2398,18.9436345
2805,23.455034
740,20.4643002
73,20.380722
3140,17.3876978
3240,15.3390617
1265,22.346227
2208,21.6920413
2360,18.7880486
1988,19.9797466
2756,11.7544194
2426,17.4345796
3501,18.4326716
1492,18.400698
2202,18.4145999
1216,16.0762867
2998,19.85493
2099,17.1216756
3703,23.2322487
1998,18.7074858
3179,16.6684459
2356,16.7526751
631,16.7112005
3073,21.7205773
3764,20.049013
3163,21.7608772
1080,20.923318
1405,21.8178342
632,14.9069789
1456,17.8485853
2035,16.112031
2472,22.9434586
1851,19.5917563
3323,11.761881
1802,18.1149562
2229,19.5812081
178,17.35039
498,13.2901061
3639,15.4937891
484,14.6845434
3170,18.2396165
2246,19.160262
3919,13.4338015
3796,20.6309039
877,19.8810367
1166,19.699417
1689,18.8198823
1340,20.3306967
3925,14.4438272
3256,15.0768344
759,17.7505717
2218,17.8051198
1597,17.9330463
1356,20.3599908
3439,17.1444288
1598,18.5066215
992,19.4364558
2093,15.5427056
2673,17.3424428
2973,20.4267498
1843,18.0476227
2921,17.1952764
3920,16.5522378
319,14.2280052
184,15.5027493
2797,15.7630483
2761,12.4390007
2740,22.2167427
2874,19.3675897
2028,19.4009465
839,21.7538707
3353,16.3885977
539,19.463328
1154,19.2040264
801,18.30178
2245,20.092541
2586,22.3129639
1135,17.686543
210,14.6919538
3892,16.7532744
65,19.551587
863,13.4603219
2942,16.4729517
3765,20.1958476
3901,21.6264599
1132,17.663859
1026,14.0491159
2328,19.8574342
341,13.7571243
3473,17.9625315
875,17.7656999
1506,18.1901536
372,19.5273039
2259,17.5914257
889,18.0229163
3457,16.1224731
2664,18.1250242
2991,15.3868789
1325,17.9012439
2402,14.9405435
3450,21.5595248
96,19.7730976
2635,14.5046066
2707,19.5187462
3686,16.6721179
129,15.6843927
2119,19.3834932
1635,24.8727907
1985,14.2099483
3878,16.8347012
2887,16.5839645
3183,16.1014529
3340,19.752668
370,16.9685089
1788,19.0324082
2504,18.805252
2116,18.5936034
1820,15.7851298
994,18.5512357
881,16.8355426
737,17.5410685
231,16.8782328
377,20.1667461
3250,21.8844572
3010,14.6054929
432,17.1446006
1361,17.8976756
2889,18.7601794
1378,17.4016646
1591,17.3129753
1143,18.8552093
172,20.3497753
1876,20.1908715
814,19.8163743
3068,19.1068112
2266,17.2730231
948,26.9543769
16,20.7806931
2026,20.7802731
2020,16.8017762
3039,21.8932965
367,14.5605091
1406,18.8326054
3590,18.4756602
3735,20.3918344
2641,22.4612584
3316,15.7428867
3388,21.2890919
1848,15.6794316
3559,21.6342154
3065,19.0111266
1935,15.6302119
2935,16.7959853
1624,17.5181643
3190,17.7822239
542,21.0679878
2454,18.5707663
1459,18.2904777
1668,20.0701394
1903,23.3276001
552,19.166519
362,20.7122269
549,21.2825492
2919,17.3909683
81,18.7471766
1730,18.081379
3753,18.4372987
355,12.7227988
2083,16.4893203
2449,14.1620633
2663,18.2560567
554,21.5396968
693,22.2138414
2988,18.1552804
649,13.9053922
3956,12.0684753
3319,17.089647
420,20.2500569
3443,21.7085238
1229,17.9719062
1089,19.6233169
2928,16.3061558
3246,16.2541869
2305,21.6478233
960,11.9530209
1164,18.4798109
371,17.9196233
3551,18.3162037
2768,21.1246487
1575,15.7927732
1484,16.7477651
2548,21.0570693
3589,19.1439759
1858,19.9259442
258,21.9073352
769,17.4969232
2061,20.9011311
2018,19.7825919
3287,12.370582
114,20.3549121
1816,20.0751498
1594,22.0281611
957,20.4761255
2289,22.0358654
2962,19.1508085
679,19.5445574
2325,18.6129586
56,18.1193516
3834,18.0015365
435,20.871832
1057,19.9100522
155,20.861298
3648,20.2406286
1016,23.9299195
60,17.3085428
2077,18.2669649
782,18.741799
35,23.4655277
3367,17.5147664
1650,16.1419358
1060,13.8327442
358,15.6439345
1123,17.9707283
3931,19.1546191
3379,19.5392974
524,17.3410474
1200,18.2616906
3121,19.7074544
265,12.6441406
1585,17.9335419
1664,19.5456063
1968,19.7381358
1518,17.7444266
2746,16.5399477
3141,27.7850327
2853,21.7966762
2514,17.738831
336,18.1148171
2596,18.8712562
3474,17.0999811
1156,18.7645494
887,16.8303234
494,12.4172047
580,20.7904195
3694,19.3439854
2846,19.7908447
3043,16.1915603
2479,18.6604426
1189,15.2228428
2652,16.3939623
3274,21.9094516
212,18.2514327
3045,19.351493
1064,18.5687334
75,19.0000004
3210,20.6068068
1312,22.1912602
1031,20.8761508
3491,19.88653
247,19.9588243
1595,21.0541489
3743,16.4598073
1500,17.5742942
1919,22.9644765
186,19.7712361
3253,19.8604385
2015,21.1258173
2056,14.0566862
3230,17.5002987
1622,20.9688832
2829,16.3299962
1075,18.8602982
2784,17.0992964
3479,14.8830274
3312,17.5692476
1781,17.5529452
2422,20.6149108
1655,17.5610858
32,17.7622162
3426,18.2911391
1124,20.6832942
3315,18.5719665
445,21.1549308
3440,18.2865221
464,16.1763161
3804,15.6435352
3954,17.9165126
2179,22.8985754
1681,20.3062896
2314,19.9490461
1809,17.2849736
1946,23.7471577
2735,17.255902
2581,14.1713287
243,18.1596935
1704,18.8406113
401,22.4000194
2032,19.6945721
1984,16.6729549
3193,22.0230292
3942,17.0484944
2695,14.8726685
450,19.9039041
1227,18.1451601
3136,18.6259156
3103,14.8570307
2333,18.5838618
471,13.6134862
2914,22.6052324
3641,15.5275355
3459,19.6601198
1674,20.914656
3779,25.5589193
3874,21.7857456
1787,16.8948413
1833,19.0947692
611,14.1473064
1407,18.0936616
2474,16.5380243
3882,16.6865483
3084,17.7647374
2755,19.8065872
3122,21.3131713
2122,22.4495138
3029,19.2820009
2804,19.1293143
3105,17.9362247
2793,14.9921234
2726,15.1634884
2321,20.9552098
1218,14.7220609
1776,18.1710639
1498,14.9286195
3489,21.0147523
3521,24.6789162
2097,20.4284508
1729,19.1770559
540,17.6997692
110,17.6018861
1631,17.7383717
510,17.4593458
1613,15.9502934
1995,20.0188774
3199,17.8977893
2045,19.1389896
2092,21.4819421
3090,12.9424768
1719,17.7823286
1607,18.3345565
3985,19.0197949
78,11.8637343
2842,20.5118363
2317,21.6563552
1996,17.0587916
3740,18.5689022
313,18.8939475
2949,25.1807202
1307,19.5019848
911,18.6419611
697,20.9272657
2386,18.5915815
466,17.8257363
1019,19.5390375
363,12.4968624
1842,18.8270088
3741,15.7056051
1344,21.5394272
1360,20.2320236
3401,17.3589862
2069,17.6272246
3887,24.2633152
3922,23.7825914
1524,18.7553723
1034,15.2373557
2733,18.719537
83,20.8044371
79,19.8370172
662,16.7964296
1439,17.2970649
3900,15.2639057
919,17.3834087
1440,17.099707
3235,14.6363996
3055,19.1571045
2848,19.7609058
2253,22.7636531
2376,18.0211605
808,15.1121883
1510,21.3483867
3109,15.2204328
2576,21.435679
656,21.9250768
1921,17.0835408
1442,19.8450378
3787,17.1073183
858,19.0830383
1803,17.2557132
2872,19.2960959
3261,19.6758971
2913,21.990916
844,16.864849
833,18.0771691
1614,20.9704971
213,16.5892251
2520,18.6314823
3520,17.7955878
131,20.2338868
439,17.1046445
3628,16.6383933
2421,16.9911074
2524,18.0301943
1609,22.1102022
853,19.3823696
448,15.6284995
3571,22.2999074
3215,13.1626762
3809,18.1892328
3239,18.9395507
1727,18.3963225
103,17.3510486
3377,18.1703595
2832,22.5009911
523,20.4677662
1102,19.5444622
1821,20.8273265
1415,21.8412348
165,17.9674607
3625,19.0011908
907,18.5602411
2662,16.2571223
2397,17.5594565
3355,18.4209661
2419,21.1549962
1860,17.0786562
2985,14.6873645
2555,24.0402876
1741,21.6643585
2499,13.2930769
395,17.6832187
625,24.327939
695,17.2672945
947,12.920203
761,19.9172674
2739,16.1752599
2311,23.5297974
1383,15.3367625
2228,20.3359782
3444,17.3610584
2831,15.2722115
1401,17.4409743
645,21.0916047
3712,17.5531027
3062,17.7853042
3911,16.4074313
1882,18.2163894
771,17.8265428
3605,23.1805697
51,17.6765922
2598,12.8184603
2541,15.4965008
2649,18.7086478
2822,21.2172764
3132,20.0386024
1375,19.2023021
1121,18.8253478
3702,15.8543151
1035,16.2009228
2451,15.017992
2286,21.6513138
2145,16.2934969
3745,16.6436457
3424,23.7411056
111,17.5018891
183,23.979479
2517,12.8523157
613,20.0093809
3033,15.9690913
3124,22.9864914
1706,16.9313821
1557,18.6128797
3864,20.4396633
1711,14.0935736
1178,19.1232061
2129,20.4231045
2532,16.3106048
397,19.6828902
1291,19.2187379
1630,17.8652005
3447,10.5947349
3099,21.6021483
1743,21.613554
2136,18.3831275
2086,17.331081
2926,16.6390376
3318,22.5910751
571,15.1990439
3997,21.468893
3532,13.9496453
3076,17.2244607
2309,19.8513135
3637,22.3761428
1534,20.811381
3614,17.9613454
3986,17.9033052
1874,15.868367
356,12.2629948
608,16.9254695
3471,19.4603583
239,10.7460837
3880,13.3836833
3373,17.8031103
2167,18.5096934
3011,21.2004548
1814,19.820454
2799,19.5990734
374,16.33797
3774,18.2871314
1937,19.2275649
1321,19.4405867
1125,22.6966566
3557,22.67143
1527,19.8231688
2959,17.8584578
3233,21.5804607
729,18.4640059
2458,14.7431613
2495,18.7412093
1391,12.7882948
3586,18.0064227
1408,18.095162
3649,18.5970695
2915,20.3725519
2264,17.0297703
382,19.3808104
3151,14.9441217
2589,19.0818198
1502,19.8020912
3174,23.8520594
3526,16.1420873
1320,17.2540382
3383,17.3804529
1233,18.7147839
2236,18.4932278
3075,17.1315971
681,18.8802488
3063,20.4001499
1274,20.6383864
2789,16.6299276
2364,22.3334407
123,21.0040048
2634,19.809356
2922,20.410239
660,19.8745916
1796,21.0239085
2579,17.1580953
2303,17.1972519
2710,20.1443323
1960,21.6977107
3506,17.1056983
230,20.6499384
901,18.1094477
3643,24.529101
765,18.5180659
3251,17.1594051
3272,15.6382603
2428,14.379723
3229,18.9555942
1745,20.3650465
2912,18.9676754
787,20.8050988
2149,15.6654172
3539,21.6984682
3156,16.8601172
421,15.6466325
3293,20.0962776
2925,18.8714756
3940,17.6834031
1873,20.0934809
2614,18.0806503
3670,20.4436662
2138,17.5338321
798,21.4999838
1870,21.6396038
2007,17.1053293
2571,23.4620978
626,23.1876112
495,14.5278544
3546,20.6421589
1616,20.3719824
1782,22.8589816
2206,21.4656772
1890,18.8513778
790,16.9628855
2557,17.2598119
3475,17.1730134
2414,20.5989635
3754,21.4483418
2276,19.1383335
2960,15.5620492
3227,16.4580759
417,18.2907173
742,17.4153629
2127,21.7747995
1214,20.8527063
492,17.4685567
1909,19.0293691
1169,20.8581753
2608,15.8885444
3000,20.4039404
1342,13.94997
824,17.8164496
3309,21.3316467
3185,16.9057753
1481,18.4504228
3799,18.0723244
3790,17.6971098
3563,18.920302
3948,15.2368366
1024,16.5704762
2461,18.9246494
592,21.8350747
3402,22.2149534
3729,17.3804753
3619,17.418942
2508,22.117214
1797,17.7858782
3921,19.0350687
127,15.7973579
3569,19.9278946
3653,15.8715643
2437,20.1935137
403,16.8728765
150,14.7402658
3860,19.4352246
2394,24.164232
1437,21.7151663
1629,17.1310167
3248,20.1268055
2442,19.7785783
62,21.7141955
2336,23.9137724
2256,18.2051197
2544,16.8290497
2400,22.2189377
95,15.3565529
959,15.6735035
2191,12.9518893
3380,17.1273606
1576,15.7498009
3158,21.2181819
2153,15.7113198
236,20.6934501
222,21.2490764
3755,20.1314647
2393,16.9809079
1810,19.8838515
120,20.575391
1685,20.7054777
2636,26.3814769
3998,21.0595997
2380,21.4538368
2639,19.7813573
193,18.0596485
2283,18.6568846
181,20.3605329
3601,13.964315
389,18.9047366
968,17.6949365
3979,20.222627
1545,16.1778922
669,16.7453333
3364,18.8353638
3854,20.5421956
1365,17.8867221
1394,13.7890617
331,17.6385769
614,19.109882
1286,16.2960215
3078,21.5115882
266,19.5124084
1932,19.4753161
2199,20.4049435
2593,20.1718685
1807,21.9094421
225,15.8166624
105,19.6808191
2413,20.1727321
1508,18.1518012
3932,21.8903241
630,21.6382654
2731,22.6919447
2068,20.9418863
870,19.5981496
2290,21.0741993
2098,19.4599912
1186,21.832386
2963,21.4611891
2489,20.3023219
1891,19.9910079
1755,20.931961
1926,20.7612086
707,15.2941764
3236,18.564941
3384,22.7540843
2870,17.4516581
2349,18.595711
2220,16.5044537
1688,19.8527338
284,18.9880642
1659,18.3756484
920,15.5769806
1433,15.8213104
3441,18.5214424
3242,20.2587084
734,19.9917426
1812,20.1582918
2392,22.3680564
2354,18.7610864
3958,17.3556178
922,18.8152927
1402,19.3713127
3763,21.2035116
167,20.3714223
2469,13.8095143
2273,20.2881432
3720,19.6127012
12,19.0299486
1546,18.7136616
617,18.7064378
1092,15.7992266
90,18.6427885
612,16.5791632
3632,25.059446
1404,18.1918415
857,18.8154533
3435,17.1608633
3693,17.3602046
777,15.4630955
1638,15.5423708
1986,17.6942171
2352,17.5390667
3783,14.9095825
3794,14.900515
28,21.2835757
1522,17.1231901
1066,19.4956347
1911,24.3419372
2538,20.8017599
74,20.9281427
515,13.0537505
1309,18.99306
3143,17.0267417
2609,18.1925318
2227,20.5970922
2002,18.9749754
2157,20.5605245
1584,24.0101993
1517,17.0522802
116,18.9854983
2341,19.609432
3148,21.4731755
1072,19.2592855
2691,15.5057052
1799,17.7635543
2820,18.8342247
3642,20.4087574
3344,18.3910145
1600,17.4751421
622,17.5143417
3612,16.8322792
409,18.0335403
2684,19.6926507
1623,18.1941896
115,19.5557916
288,21.8993765
3769,21.9033282
3334,24.0189475
1181,16.8074396
337,18.7343835
3481,17.9744605
2687,18.3653184
3060,13.8360469
46,22.0239654
747,15.629897
3667,17.0494574
3207,17.598722
753,19.1362845
462,12.7642691
1938,16.7430478
673,18.6407789
2712,15.8266393
1201,18.3647471
3603,19.2933949
424,17.2303662
325,18.0400305
664,16.6863815
350,15.3716891
447,18.3231542
709,18.5624928
3089,19.6879218
1924,21.5673151
1722,20.5437177
1221,20.8732691
3518,14.7380482
1149,15.2398983
387,15.0747256
1369,14.979555
1337,19.760527
754,23.0845788
2186,16.8284729
451,21.5540036
1194,17.9569081
699,18.087772
3205,19.0178007
2247,19.1864723
1608,16.7058972
830,21.2639908
3150,24.3305821
950,17.4275339
3067,15.2383657
3550,18.1041676
2444,15.433149
1734,22.6278734
1413,22.93271
1409,20.2997604
3973,17.7507073
3913,20.5616195
3548,18.5577695
1177,19.3549826
3573,17.4733739
2006,18.878323
1253,15.8637473
2477,15.3431312
21,18.7927291
1305,18.7635062
2814,15.6546229
2440,22.6944328
2298,19.5393439
3454,17.8466776
3107,19.214684
671,24.4925676
3761,15.1691764
1941,18.5404771
845,19.5622913
694,21.9441508
3307,13.7592152
1353,21.9398064
1133,18.6367795
869,18.7467221
604,17.2502925
834,16.6140198
3280,15.9117988
627,21.6424079
902,20.8297748
2904,13.9730404
1747,19.4606231
3243,15.6958595
2748,15.2104805
2051,21.8750967
2757,16.7323183
3960,22.4284477
321,18.0198163
3192,19.3579699
696,19.3891863
1179,13.7745287
2778,18.0316416
624,14.4065934
3718,22.1963998
2173,17.3391386
1011,15.5601335
1480,15.2823944
1090,19.5482136
848,20.6244617
3362,15.1635224
780,29.4422234
605,18.8400977
174,16.131565
1202,15.5397203
2269,19.5473641
2463,18.543902
100,18.1045813
1243,20.5233415
741,16.0944419
334,17.981806
2908,21.040131
3647,19.1956624
2882,19.1887625
1705,19.7483534
2881,16.7654435
3292,17.2729805
594,14.5148803
2987,19.3542015
1333,21.0906198
2214,20.4845335
3877,16.6112747
1551,15.9777897
3349,21.4572856
3317,17.0265827
1542,17.3172776
3406,16.4064474
327,15.7878448
1933,14.9658929
640,16.2828683
2152,20.7641912
2042,19.2348174
2863,18.4890994
1468,19.71127
1838,18.1390335
3046,16.2701829
3123,18.8033556
3884,19.3981481
460,20.7745772
1046,13.843675
1398,21.8734654
1562,17.7060173
1975,19.7111999
3290,20.6300419
2633,15.6078693
419,15.3082315
738,20.8986418
1879,16.3775735
1389,17.302089
1438,19.3472289
3277,18.1940187
497,15.5306501
2750,23.2712102
375,15.5894092
975,20.835996
1209,20.3055877
3534,23.7018818
404,20.50156
2467,23.6663629
1425,16.6439767
93,18.6702486
3204,15.0548984
1769,20.125863
2221,20.8087407
2738,13.2747482
1849,16.564037
827,21.4547742
428,15.1929628
1889,17.5053006
3448,22.4655855
3187,21.3831734
3722,17.0083612
2766,15.5369478
282,18.7572369
2899,17.1370656
3168,18.4954553
343,17.7506061
2683,28.0128185
2786,17.3082533
2547,19.9101
3146,15.3738815
1113,17.8293263
1574,17.5844374
691,20.0735614
0,21.4433248
1582,19.3857341
1707,18.2261848
1416,18.3819646
2021,19.2424302
3221,20.8680154
2003,18.154468
1993,21.1153698
2974,21.6753861
1131,19.5920152
2304,20.1994738
1247,16.8576149
3565,15.6027502
2375,19.7909618
2150,16.0994959
3395,17.655652
2261,21.0190507
3993,15.6309765
1159,16.813811
2900,21.9065672
246,20.6466726
3970,15.9188462
3602,19.8277901
2685,18.2928663
1671,22.1179196
929,17.5402786
3669,14.499359
1461,18.4386682
3273,18.9616741
1971,18.0325338
365,17.8714647
2296,17.7717487
736,19.1345562
26,19.8228093
2884,23.1829435
3356,16.2535782
1441,17.5337545
3811,17.1916573
680,20.1873669
3516,18.0972678
1250,18.6739513
3,20.9139278
2182,22.8901095
837,23.4891096
2403,20.2555047
292,20.0679242
698,20.9080992
1048,18.7376374
3700,23.335943
3200,18.2614742
2417,14.3074259
3869,15.4381007
3904,19.0794646
1667,14.0176235
1963,16.2660285
1249,15.9869561
2274,18.9812745
1298,16.8167699
1868,19.0287554
2387,20.6905519
1443,16.5883916
2671,19.3214652
603,17.1996696
1289,20.3219771
2502,20.0175166
63,12.5650419
1579,22.5317614
1883,18.8085202
990,19.6608549
1384,20.5275212
237,20.968462
650,20.2771799
1967,20.012664
112,19.639529
3024,17.1997834
1348,17.6929874
804,18.7527391
1556,18.453419
577,20.3963506
1834,16.3209189
126,19.1685379
3331,15.8183411
3056,16.9859396
3837,14.7053416
3576,20.1918249
3657,21.0856514
851,21.1251988
2742,18.874011
2185,17.5203939
3057,22.368251
3607,19.7024634
7,19.2171635
2550,19.2414443
854,19.149162
2995,18.1895226
2679,17.3441326
3813,17.0896617
2977,19.3028735
3645,16.2841071
407,18.9514464
3947,17.2988207
2405,18.6702446
3425,16.3867715
153,19.4808776
1566,16.9212469
2391,20.0426822
2353,18.6308871
1004,12.1069669
2660,20.9157358
3555,18.9267755
280,19.0193768
3715,20.3470568
3937,18.5960402
3128,19.2767134
400,18.9427177
1596,20.6406893
1497,19.4173946
2516,18.3183027
1479,17.2267655
3281,17.652965
1800,18.3745818
2009,19.7227014
504,21.6903722
2582,20.1082684
3064,16.1529006
1744,15.8193623
903,18.4843769
2040,21.7805976
3585,18.6440176
1672,17.1453391
550,11.7933404
1862,20.6748891
3782,18.7100047
1805,19.735022
3372,16.1562743
3613,23.1485291
1130,19.3237058
945,17.2687653
163,15.4518089
1660,16.4748836
1690,18.9735328
2384,22.9184362
2107,23.0690581
3166,18.7933744
3866,21.3708695
3930,13.6138997
1514,19.6223921
3398,15.7754276
449,16.7265477
2903,15.7871623
941,18.226754
2834,24.8125178
3785,21.0639276
1532,15.5948709
1847,18.4750698
437,13.9342904
1314,20.7289197
3445,22.5544756
786,15.6486837
873,21.2888921
739,18.0319616
2867,17.8225943
3291,17.3125166
3505,18.9065172
1006,12.0660614
1844,18.9761042
586,12.1146529
1306,18.9108565
2989,19.3799128
348,19.0095221
2471,18.8985633
1028,14.554126
1163,17.4564117
2511,19.9913992
3279,21.824825
3208,20.5821296
3871,18.456656
1541,15.2837859
2701,18.7740145
573,16.7173519
647,19.9284588
595,15.0425828
2938,24.6644013
1251,17.2734737
1558,19.3232216
3396,16.1026621
3348,17.6660336
1308,18.941101
470,20.3854258
3498,15.9185704
800,16.6175009
281,20.9061083
932,20.4791285
732,26.0096475
2763,20.9669183
2880,16.1839829
2999,16.4777792
3654,19.11723
1144,18.3729382
1617,18.9714614
3386,14.7477146
3085,20.7962774
3591,19.3730797
2503,21.7596736
584,22.553854
2195,21.0578295
160,17.6670711
1111,16.1098329
2798,16.7012982
1915,22.5988785
3165,15.15749
859,21.8027599
952,20.4320123
3663,22.5006884
1331,15.638561
1219,19.2709412
1215,18.8097009
2676,13.8614465
606,20.6473274
164,19.8046649
2154,19.4438758
1040,14.7102676
1978,14.9023873
2665,16.6274763
3836,22.1862678
329,17.1741518
2011,21.1229648
2528,17.143342
2546,21.2451331
3858,15.0622006
1429,14.5427487
3706,18.6873074
2141,20.3621646
809,15.1167944
433,17.4407981
1107,19.7705162
2091,19.251296
860,19.3624662
274,22.5182956
967,15.139973
2758,18.7585345
3486,16.4466728
3623,18.8625213
3950,19.9070823
3413,16.0756107
2139,21.2035621
1346,21.7895325
2813,20.6723202
885,21.5443521
556,20.1159652
908,18.8395283
1381,20.2030205
2117,19.7841658
2562,18.4259947
509,15.0788493
2388,18.6903962
221,20.065097
1297,19.0711725
146,18.7865386
3361,16.7021116
1777,18.5773404
1053,18.540613
1822,17.7844045
3186,18.2930767
2851,18.7151862
508,15.6759511
323,16.9847963
1561,17.9613295
176,23.1681372
2852,17.5175068
1908,19.6559852
168,15.2058254
3419,16.76739
1400,17.9717262
3914,20.1585902
1392,18.2065216
2257,23.5653656
2177,18.7072404
2237,19.7530638
136,17.9676418
1470,19.0985633
3152,15.5557718
1278,17.9343555
1973,14.8276668
894,19.8232152
197,19.6524099
2338,19.035533
1483,14.9505645
1792,19.2688185
2084,21.2518249
767,16.8317584
2280,17.0533146
2693,19.0101186
2081,19.6223261
1112,16.7767706
3867,18.2825727
2850,12.4295804
3116,22.7418779
865,19.5868341
2389,23.8167025
1085,16.6614378
1447,16.2125585
199,20.1550845
429,15.2088047
3611,20.3565369
3466,22.5362693
3969,19.1508034
1823,17.9891712
1795,16.7512493
2924,22.0309102
1970,17.1320095
730,17.1655519
2967,21.8186276
297,14.9209852
2121,20.822023
3465,16.8139186
807,17.1353154
2595,26.1512011
3651,21.968894
1565,15.9929305
2997,15.575158
1172,15.9031723
3815,14.1205909
3822,17.3162958
821,19.7393822
2711,14.8531891
1241,22.1898148
1563,19.101037
3805,20.2773254
3927,17.6350519
623,18.6457474
3709,15.8946836
1445,20.205875
1718,19.4273292
1162,17.4535182
2260,20.0832528
1640,18.1423159
3083,24.4201239
3820,16.8929671
2603,17.7820775
2775,19.8550556
2749,15.3175693
1022,21.5704308
1750,18.4250494
291,20.2128264
2022,15.5515306
1740,19.2125628
2282,20.0134482
1007,15.599693
3026,17.0976472
67,17.3525033
24,22.5646997
3453,14.6533891
216,14.7682527
2860,11.1394031
1910,15.1564022
2783,16.7223782
1153,21.7976785
3421,16.8643622
2159,21.2067409
166,19.9394688
3912,18.5815984
207,22.7939477
3510,17.2385247
3624,16.9084177
2322,17.2219952
2089,20.1702795
591,16.1979763
1176,21.198485
1720,19.5332264
1863,23.0332458
525,21.7502953
2335,20.5849752
469,15.5024643
1350,20.1730677
2169,20.4133173
2811,14.2055248
1531,19.7208887
3300,16.2227021
928,19.2856159
1896,18.1992432
2721,21.103898
1619,19.256503
1469,21.3824283
1141,17.5404687
2934,15.9328247
1913,15.1831833
956,19.0397601
1488,21.1220518
25,18.2974039
1134,18.3056608
2197,21.3428787
925,21.6605634
3224,20.1821886
1552,20.5469145
2744,21.1440584
843,16.9977103
1645,15.5465294
2937,20.5978302
3533,15.3602324
2646,19.6317058
1020,16.1458354
2187,14.7938692
749,20.797218
3332,18.3472441
3052,14.106418
2371,19.6614367
180,19.7499581
1272,20.105314
2498,16.0175599
1434,18.214539
607,17.8411766
3091,15.1085596
1352,20.3273663
2344,22.0102107
1904,18.0445037
3341,20.1697404
1899,17.9698238
3298,16.5728029
94,16.5772595
3587,24.6924341
770,20.5894046
637,24.102929
1304,16.2641361
2334,16.0850835
3661,20.2600426
2536,14.8319267
2492,16.0579257
1208,20.2956275
1395,17.7884305
1578,20.7303839
1198,20.8558415
275,13.9459091
2854,18.239064
1152,18.5669067
1206,14.2748961
2080,15.2322048
1104,20.5550401
307,18.402114
2818,19.9573478
2059,18.4019904
872,21.4422998
3115,18.5681079
86,19.1217952
2826,19.0041161
3108,15.4094748
2753,20.6321565
3130,23.8707596
3113,21.9993706
2830,17.1906621
1435,18.706337
2610,21.3800845
209,18.2833458
3220,13.8214249
2787,14.6204919
1966,24.6043956
2642,20.6254076
1987,20.7290524
2171,17.2684047
2782,19.1213332
931,16.5567556
3646,13.8920129
2146,20.3113445
2425,20.4696892
130,14.3646306
1723,19.1489324
2071,18.7098909
3455,18.8829318
954,17.1655227
555,18.5934718
2418,18.8017389
1930,20.6317756
1536,18.264256
2431,19.3693874
201,19.412966
2965,18.6311642
2023,18.1522954
368,20.5524168
973,15.6270153
3626,16.7756829
1634,22.096152
2435,23.703349
816,18.4392121
1954,20.79023
1316,17.8105886
3762,20.0055369
1905,18.963448
256,13.8448813
3678,14.4895466
3269,20.8797571
3167,13.1307106
1472,13.5733311
1699,18.1952046
2217,15.6110499
1605,20.230815
1329,16.893006
560,20.6530851
1877,16.6340588
373,12.9801605
2957,18.1255857
2767,15.0729601
2839,17.490687
3002,22.0371266
3299,22.3954348
1684,18.8603843
1167,18.2165141
2024,19.624613
1204,15.2108456
2916,17.8687057
972,17.9003065
1155,18.0248317
2036,18.4567329
3946,14.0919996
1071,15.6612245
3012,18.8862087
774,19.1483062
324,16.869224
2251,19.7686706
84,14.7627297
2681,20.5023263
2956,18.4443149
1589,17.6739565
2659,17.922497
2446,19.2601083
1920,23.5778936
91,19.7643743
3154,19.5824476
430,16.2240358
2827,20.7939301
3191,17.198293
2339,17.0234244
2105,17.5564035
1345,19.5833764
257,18.5755601
888,16.253428
3944,15.7122277
1466,19.6116867
3114,15.6070934
1641,18.9385291
388,15.5484662
2383,21.1947042
273,18.9817585
756,17.7476841
3560,12.947861
3622,16.3727668
1925,21.4220502
3125,15.7289167
1956,19.9205575
3933,19.0897871
2176,21.1910555
802,18.2814217
2076,19.9449469
1207,16.5150864
2930,18.2969491
3531,22.5384978
2558,17.8365296
2723,20.9970388
151,15.6557819
2292,23.8606691
714,16.4676422
2591,16.8912426
544,14.5039175
639,21.4210263
2745,15.2683798
3337,22.3720517
3360,16.1230741
423,21.1145152
2958,17.3595064
3219,18.5963026
659,18.4583274
797,13.3618847
3965,14.0228729
3249,18.4216819
2008,21.0845992
99,17.665188
2898,13.9419433
2496,24.3538236
3503,17.7130954
1871,18.59135
2046,21.7886692
3781,20.2493307
755,17.7083164
976,20.7418284
2163,19.071955
1940,19.966963
2825,15.9594309
2120,18.1317234
2893,15.6785668
537,19.2284655
1701,22.1588
2897,20.4781376
3672,17.5049791
2222,18.3540334
2135,20.1712365
2599,18.2220449
3558,17.848401
705,22.4909763
2362,24.1806957
3468,14.4696237
2648,19.3024918
3544,13.4504798
3142,17.9283094
2647,16.1674615
1828,17.8521522
1778,22.8009952
277,19.895632
3795,16.1988018
1033,14.9089888
3431,19.5900758
1731,19.0187769
763,17.7331159
835,18.4730603
3264,19.2943267
1653,21.3693145
2607,16.5687633
2732,18.122442
